order_id,sku,qty,amount,fail_at,comp_fail_at
ORD000001,ADAPTER-USB-C,9,3110.49,,
ORD000002,ADAPTER-USB-C,9,3104.28,,
ORD000003,BATTERY-AA,8,2074.88,,
ORD000004,WIDGET-B,8,1082.32,,
ORD000005,WIDGET-A,10,3932.3,,
ORD000006,PANEL-40W,3,770.37,,
ORD000007,WIDGET-B,1,33.55,,
ORD000008,PANEL-40W,1,315.68,,
ORD000009,PANEL-40W,4,869.08,,
ORD000010,ADAPTER-USB-C,1,271.73,,
ORD000011,SENSOR-T1,7,2793.77,,
ORD000012,WIDGET-B,5,699.05,,
ORD000013,SENSOR-T1,1,46.68,,
ORD000014,CABLE-2M,2,683.4,,
ORD000015,WIDGET-A,1,101.13,,
ORD000016,WIDGET-A,8,1301.44,,
ORD000017,CABLE-2M,2,470.34,,
ORD000018,SENSOR-T1,6,318.66,,
ORD000019,CABLE-2M,2,142.3,,
ORD000020,WIDGET-A,1,196.68,,
ORD000021,BATTERY-AA,4,760.08,,
ORD000022,GADGET-X,7,1852.27,,
ORD000023,CABLE-2M,4,80.72,,
ORD000024,PANEL-40W,5,1996.0,RESERVE_INVENTORY,
ORD000025,PANEL-40W,10,581.3,,
ORD000026,GIZMO-PRO,8,945.2,,
ORD000027,MODULE-Z,5,833.7,RESERVE_INVENTORY,
ORD000028,GIZMO-PRO,1,248.49,,
ORD000029,ADAPTER-USB-C,3,1153.41,,
ORD000030,PANEL-40W,3,1047.84,,
ORD000031,GADGET-X,5,1826.0,,
ORD000032,GIZMO-PRO,4,320.88,,
ORD000033,BATTERY-AA,4,1124.2,,
ORD000034,ADAPTER-USB-C,10,498.3,CREATE_ORDER,REFUND_PAYMENT
ORD000035,GIZMO-PRO,7,823.55,,
ORD000036,PANEL-40W,8,1052.08,,
ORD000037,WIDGET-B,3,320.37,,
ORD000038,PANEL-40W,10,481.7,,
ORD000039,GIZMO-PRO,1,46.28,,
ORD000040,GIZMO-PRO,1,37.71,,
ORD000041,BATTERY-AA,10,3897.6,,
ORD000042,GADGET-X,8,3140.72,,
ORD000043,BATTERY-AA,10,3798.0,,
ORD000044,WIDGET-A,8,2927.04,,
ORD000045,WIDGET-A,1,247.38,CREATE_ORDER,
ORD000046,MODULE-Z,3,1199.28,CHARGE_PAYMENT,
ORD000047,GADGET-X,6,922.2,,
ORD000048,WIDGET-B,7,2651.67,CREATE_SHIPMENT,
ORD000049,PANEL-40W,7,1148.63,CREATE_ORDER,CANCEL_SHIPMENT
ORD000050,WIDGET-B,5,1771.6,,
ORD000051,CABLE-2M,10,1939.5,,
ORD000052,BATTERY-AA,2,434.2,,
ORD000053,SENSOR-T1,10,533.4,CREATE_ORDER,
ORD000054,PANEL-40W,8,937.76,CHARGE_PAYMENT,
ORD000055,PANEL-40W,4,867.96,,
ORD000056,MODULE-Z,8,1674.88,,
ORD000057,CABLE-2M,5,477.15,,
ORD000058,GIZMO-PRO,4,664.32,,
ORD000059,MODULE-Z,4,287.0,,
ORD000060,WIDGET-A,2,762.0,,
ORD000061,GADGET-X,2,382.5,,
ORD000062,GIZMO-PRO,7,1157.59,,
ORD000063,MODULE-Z,10,1919.4,CREATE_ORDER,
ORD000064,PANEL-40W,1,277.74,,
ORD000065,MODULE-Z,5,1333.65,,
ORD000066,GADGET-X,7,1349.88,CHARGE_PAYMENT,
ORD000067,GADGET-X,1,393.92,,
ORD000068,WIDGET-B,9,2420.28,,
ORD000069,WIDGET-B,4,383.0,,
ORD000070,GADGET-X,1,306.92,,
ORD000071,WIDGET-A,3,318.15,,
ORD000072,BATTERY-AA,9,1891.44,,
ORD000073,GADGET-X,7,2397.71,,
ORD000074,GIZMO-PRO,2,351.96,,
ORD000075,CABLE-2M,3,573.57,,
ORD000076,WIDGET-A,7,1603.0,,
ORD000077,BATTERY-AA,6,1177.26,,
ORD000078,GIZMO-PRO,2,588.68,,
ORD000079,WIDGET-B,4,448.28,,
ORD000080,WIDGET-B,5,1120.2,,
ORD000081,MODULE-Z,5,1829.0,,
ORD000082,MODULE-Z,9,463.05,,
ORD000083,BATTERY-AA,7,2183.51,,
ORD000084,WIDGET-A,4,1309.88,CREATE_ORDER,
ORD000085,MODULE-Z,3,596.43,,
ORD000086,BATTERY-AA,8,3035.04,,
ORD000087,WIDGET-B,4,747.92,,
ORD000088,BATTERY-AA,3,655.98,,
ORD000089,BATTERY-AA,5,692.25,,
ORD000090,PANEL-40W,4,542.76,,
ORD000091,BATTERY-AA,9,1113.57,,
ORD000092,CABLE-2M,9,570.87,CREATE_SHIPMENT,CANCEL_ORDER
ORD000093,BATTERY-AA,7,1587.04,,
ORD000094,WIDGET-B,8,443.36,,
ORD000095,BATTERY-AA,8,1417.84,,
ORD000096,CABLE-2M,5,567.95,,
ORD000097,MODULE-Z,7,2536.38,,
ORD000098,ADAPTER-USB-C,9,1264.86,,
ORD000099,PANEL-40W,1,371.6,,
ORD000100,WIDGET-A,1,93.76,,
ORD000101,SENSOR-T1,6,1769.82,,
ORD000102,ADAPTER-USB-C,2,419.76,,
ORD000103,BATTERY-AA,10,1152.1,,
ORD000104,BATTERY-AA,7,201.88,,
ORD000105,BATTERY-AA,10,807.0,,
ORD000106,BATTERY-AA,4,885.04,,
ORD000107,PANEL-40W,10,3455.7,,
ORD000108,MODULE-Z,3,420.09,,
ORD000109,GIZMO-PRO,4,1263.04,,
ORD000110,WIDGET-B,3,1073.43,,
ORD000111,WIDGET-B,5,837.0,,
ORD000112,CABLE-2M,9,2881.62,,
ORD000113,CABLE-2M,1,56.5,,
ORD000114,MODULE-Z,6,383.16,,
ORD000115,MODULE-Z,9,3595.14,,
ORD000116,WIDGET-B,8,482.8,CREATE_SHIPMENT,
ORD000117,GADGET-X,2,194.98,,
ORD000118,SENSOR-T1,2,480.64,,
ORD000119,ADAPTER-USB-C,2,621.18,,
ORD000120,ADAPTER-USB-C,7,1510.67,,
ORD000121,PANEL-40W,6,150.18,,
ORD000122,GIZMO-PRO,3,525.06,,
ORD000123,MODULE-Z,7,2592.17,,
ORD000124,WIDGET-B,9,2889.81,,
ORD000125,WIDGET-B,7,1655.36,,
ORD000126,PANEL-40W,6,1954.98,,
ORD000127,WIDGET-B,3,988.68,,
ORD000128,MODULE-Z,9,2556.18,,
ORD000129,GADGET-X,7,690.13,,
ORD000130,MODULE-Z,5,990.8,CHARGE_PAYMENT,
ORD000131,PANEL-40W,1,108.2,,
ORD000132,SENSOR-T1,6,612.6,,
ORD000133,GADGET-X,9,442.8,,
ORD000134,ADAPTER-USB-C,4,1145.92,,
ORD000135,PANEL-40W,1,63.61,,
ORD000136,GIZMO-PRO,5,942.95,,
ORD000137,GIZMO-PRO,7,168.7,,
ORD000138,SENSOR-T1,6,1374.12,,
ORD000139,BATTERY-AA,10,3416.3,,
ORD000140,ADAPTER-USB-C,2,457.56,,
ORD000141,WIDGET-A,7,2614.22,,
ORD000142,ADAPTER-USB-C,3,1035.48,,
ORD000143,PANEL-40W,1,183.24,,
ORD000144,SENSOR-T1,9,1543.14,,
ORD000145,BATTERY-AA,5,1018.15,,
ORD000146,SENSOR-T1,5,151.05,,
ORD000147,PANEL-40W,1,260.54,,
ORD000148,CABLE-2M,1,361.07,,
ORD000149,WIDGET-A,10,3957.3,,
ORD000150,WIDGET-B,4,732.88,,
ORD000151,GIZMO-PRO,1,218.88,,
ORD000152,ADAPTER-USB-C,3,1175.85,,
ORD000153,PANEL-40W,2,78.3,,
ORD000154,WIDGET-B,4,1388.92,,
ORD000155,GADGET-X,2,316.1,,
ORD000156,CABLE-2M,8,1987.2,,
ORD000157,CABLE-2M,6,1893.78,,
ORD000158,GADGET-X,5,1495.15,,
ORD000159,WIDGET-B,9,3233.07,,
ORD000160,PANEL-40W,6,746.46,,
ORD000161,PANEL-40W,10,922.1,,
ORD000162,GIZMO-PRO,4,1526.88,,
ORD000163,GIZMO-PRO,1,258.8,CHARGE_PAYMENT,
ORD000164,PANEL-40W,1,58.94,,
ORD000165,WIDGET-B,2,733.8,,
ORD000166,GIZMO-PRO,6,1223.52,,
ORD000167,MODULE-Z,6,1247.22,,
ORD000168,WIDGET-B,2,379.96,,
ORD000169,GIZMO-PRO,8,1450.08,,
ORD000170,GADGET-X,6,469.92,,
ORD000171,PANEL-40W,6,783.24,,
ORD000172,GADGET-X,7,1879.15,,
ORD000173,ADAPTER-USB-C,6,298.98,,
ORD000174,PANEL-40W,10,2042.5,,
ORD000175,SENSOR-T1,1,48.91,,
ORD000176,PANEL-40W,2,568.28,,
ORD000177,MODULE-Z,5,1775.25,,
ORD000178,MODULE-Z,6,2186.34,,
ORD000179,ADAPTER-USB-C,10,2460.1,,
ORD000180,SENSOR-T1,8,1771.84,,
ORD000181,ADAPTER-USB-C,6,624.36,,
ORD000182,BATTERY-AA,4,208.12,,
ORD000183,WIDGET-A,6,1663.56,,
ORD000184,GIZMO-PRO,10,1599.3,,
ORD000185,GADGET-X,10,2338.6,,
ORD000186,ADAPTER-USB-C,5,1642.5,,
ORD000187,WIDGET-A,9,722.7,,
ORD000188,WIDGET-A,7,310.38,,
ORD000189,BATTERY-AA,2,294.24,,
ORD000190,WIDGET-B,6,313.14,,
ORD000191,GADGET-X,2,606.8,,
ORD000192,GIZMO-PRO,4,823.28,,
ORD000193,MODULE-Z,8,1358.96,,
ORD000194,MODULE-Z,3,622.77,,
ORD000195,WIDGET-B,10,3676.9,,
ORD000196,MODULE-Z,1,326.24,,
ORD000197,ADAPTER-USB-C,9,2369.7,,
ORD000198,WIDGET-A,2,360.42,,
ORD000199,GADGET-X,4,1206.68,,
ORD000200,CABLE-2M,3,425.79,,
ORD000201,BATTERY-AA,5,620.7,,
ORD000202,ADAPTER-USB-C,5,1488.45,,
ORD000203,GADGET-X,3,1099.89,,
ORD000204,WIDGET-A,10,2028.1,,
ORD000205,MODULE-Z,2,190.2,,
ORD000206,PANEL-40W,4,992.04,,
ORD000207,BATTERY-AA,4,751.76,,
ORD000208,CABLE-2M,3,1098.18,,
ORD000209,BATTERY-AA,9,1819.89,,
ORD000210,CABLE-2M,6,1625.4,,
ORD000211,WIDGET-B,8,2782.24,,
ORD000212,GIZMO-PRO,3,973.62,,
ORD000213,BATTERY-AA,9,2827.62,,
ORD000214,WIDGET-A,4,1436.12,,
ORD000215,MODULE-Z,8,2582.16,,
ORD000216,PANEL-40W,3,533.97,,
ORD000217,GADGET-X,5,1825.4,,
ORD000218,GADGET-X,10,1212.7,,
ORD000219,GADGET-X,10,3127.4,RESERVE_INVENTORY,
ORD000220,WIDGET-B,6,735.42,,
ORD000221,WIDGET-B,8,2268.8,,
ORD000222,PANEL-40W,9,3112.11,,
ORD000223,GIZMO-PRO,7,653.59,,
ORD000224,ADAPTER-USB-C,4,136.56,,
ORD000225,ADAPTER-USB-C,3,1139.13,,
ORD000226,MODULE-Z,5,870.4,,
ORD000227,ADAPTER-USB-C,2,313.38,,
ORD000228,WIDGET-B,7,1937.81,,
ORD000229,WIDGET-B,8,197.52,,
ORD000230,ADAPTER-USB-C,4,526.08,,
ORD000231,WIDGET-A,4,1450.32,,
ORD000232,CABLE-2M,9,2744.1,,
ORD000233,CABLE-2M,9,2460.06,,
ORD000234,GIZMO-PRO,7,2085.65,,
ORD000235,SENSOR-T1,10,1985.3,,
ORD000236,ADAPTER-USB-C,7,385.42,,
ORD000237,WIDGET-B,3,832.56,,
ORD000238,GADGET-X,4,691.48,,
ORD000239,PANEL-40W,2,116.32,CREATE_ORDER,
ORD000240,WIDGET-B,6,2218.98,,
ORD000241,BATTERY-AA,3,797.85,,
ORD000242,CABLE-2M,8,1167.52,,
ORD000243,WIDGET-A,7,1770.86,,
ORD000244,GIZMO-PRO,10,2213.6,,
ORD000245,GIZMO-PRO,6,819.48,,
ORD000246,BATTERY-AA,7,685.02,,
ORD000247,SENSOR-T1,2,504.7,,
ORD000248,BATTERY-AA,5,1141.7,,
ORD000249,BATTERY-AA,9,664.83,,
ORD000250,BATTERY-AA,4,942.4,RESERVE_INVENTORY,
ORD000251,GADGET-X,4,806.4,,
ORD000252,MODULE-Z,6,329.22,,
ORD000253,SENSOR-T1,8,2844.24,,
ORD000254,GADGET-X,4,1454.16,,
ORD000255,BATTERY-AA,2,465.86,,
ORD000256,MODULE-Z,10,753.4,,
ORD000257,WIDGET-A,5,1401.65,,
ORD000258,PANEL-40W,6,2014.14,,
ORD000259,BATTERY-AA,2,385.3,,
ORD000260,GADGET-X,5,1536.6,,
ORD000261,CABLE-2M,10,2449.2,,
ORD000262,WIDGET-A,3,287.46,,
ORD000263,GADGET-X,9,1501.38,,
ORD000264,GADGET-X,6,1305.06,,
ORD000265,PANEL-40W,6,241.92,,
ORD000266,GADGET-X,7,2691.85,,
ORD000267,ADAPTER-USB-C,6,1058.04,,
ORD000268,PANEL-40W,7,2139.55,,
ORD000269,ADAPTER-USB-C,7,2334.78,,
ORD000270,WIDGET-B,9,1309.86,,
ORD000271,CABLE-2M,1,141.86,CREATE_SHIPMENT,
ORD000272,PANEL-40W,6,1834.32,,
ORD000273,PANEL-40W,2,225.7,,
ORD000274,GIZMO-PRO,9,3165.84,,
ORD000275,ADAPTER-USB-C,2,439.92,,
ORD000276,SENSOR-T1,7,2641.03,,
ORD000277,MODULE-Z,9,1621.17,,
ORD000278,GIZMO-PRO,7,1647.73,,
ORD000279,WIDGET-B,9,2889.9,,
ORD000280,BATTERY-AA,10,3813.7,RESERVE_INVENTORY,
ORD000281,WIDGET-A,6,512.16,,
ORD000282,ADAPTER-USB-C,9,1538.64,,
ORD000283,PANEL-40W,4,149.76,CHARGE_PAYMENT,
ORD000284,ADAPTER-USB-C,3,1124.7,,
ORD000285,ADAPTER-USB-C,4,388.08,,
ORD000286,WIDGET-A,4,560.12,,
ORD000287,ADAPTER-USB-C,1,85.32,,
ORD000288,BATTERY-AA,4,890.32,,
ORD000289,WIDGET-A,2,272.62,,
ORD000290,SENSOR-T1,7,2036.93,,
ORD000291,ADAPTER-USB-C,7,350.14,,
ORD000292,SENSOR-T1,2,580.0,,
ORD000293,GADGET-X,4,842.16,,
ORD000294,SENSOR-T1,6,1952.46,,
ORD000295,WIDGET-B,10,2160.5,,
ORD000296,GADGET-X,4,500.8,,
ORD000297,WIDGET-B,8,3148.4,,
ORD000298,BATTERY-AA,2,443.42,CHARGE_PAYMENT,
ORD000299,CABLE-2M,10,531.2,,
ORD000300,GIZMO-PRO,4,352.6,,
ORD000301,WIDGET-A,3,961.02,,
ORD000302,WIDGET-A,10,1954.2,,
ORD000303,CABLE-2M,1,373.12,,
ORD000304,GADGET-X,2,462.56,,
ORD000305,MODULE-Z,6,1620.84,,
ORD000306,BATTERY-AA,5,1060.7,,
ORD000307,BATTERY-AA,9,774.81,,
ORD000308,GADGET-X,2,502.14,,
ORD000309,ADAPTER-USB-C,9,2823.75,,
ORD000310,GIZMO-PRO,5,1029.3,,
ORD000311,PANEL-40W,10,2096.1,CREATE_ORDER,
ORD000312,GADGET-X,6,466.14,CREATE_SHIPMENT,
ORD000313,BATTERY-AA,8,2358.32,,
ORD000314,WIDGET-A,2,126.86,,
ORD000315,BATTERY-AA,10,3208.1,,
ORD000316,GADGET-X,1,138.18,CHARGE_PAYMENT,
ORD000317,BATTERY-AA,5,1554.05,,
ORD000318,BATTERY-AA,3,491.91,,
ORD000319,ADAPTER-USB-C,10,3189.5,CREATE_SHIPMENT,
ORD000320,GIZMO-PRO,1,68.8,,
ORD000321,PANEL-40W,3,224.82,,
ORD000322,WIDGET-A,1,111.44,,
ORD000323,GADGET-X,2,338.62,,
ORD000324,CABLE-2M,2,778.44,,
ORD000325,PANEL-40W,4,529.48,,
ORD000326,GIZMO-PRO,7,1367.73,,
ORD000327,MODULE-Z,5,740.4,,
ORD000328,PANEL-40W,4,140.32,,
ORD000329,WIDGET-A,6,1413.66,,
ORD000330,PANEL-40W,3,587.37,,
ORD000331,GIZMO-PRO,7,1147.44,CREATE_SHIPMENT,
ORD000332,GADGET-X,9,2930.22,,
ORD000333,CABLE-2M,4,982.72,,
ORD000334,ADAPTER-USB-C,8,1650.24,,
ORD000335,GADGET-X,8,781.92,,
ORD000336,WIDGET-B,1,282.71,,
ORD000337,SENSOR-T1,10,270.5,,
ORD000338,SENSOR-T1,9,1523.88,,
ORD000339,GIZMO-PRO,5,296.5,CHARGE_PAYMENT,
ORD000340,GIZMO-PRO,2,55.5,,
ORD000341,CABLE-2M,8,412.8,,
ORD000342,MODULE-Z,5,1564.35,,
ORD000343,WIDGET-A,5,848.55,,
ORD000344,WIDGET-A,4,309.32,,
ORD000345,WIDGET-A,4,554.68,,
ORD000346,BATTERY-AA,3,649.35,,
ORD000347,MODULE-Z,8,2185.2,,
ORD000348,GIZMO-PRO,5,1116.45,,
ORD000349,GADGET-X,7,1514.73,,
ORD000350,WIDGET-B,5,803.9,,
ORD000351,GADGET-X,1,342.32,,
ORD000352,ADAPTER-USB-C,10,243.2,,
ORD000353,SENSOR-T1,2,738.5,,
ORD000354,MODULE-Z,2,765.9,,
ORD000355,GIZMO-PRO,5,270.8,,
ORD000356,CABLE-2M,8,342.72,,
ORD000357,MODULE-Z,5,1044.5,,
ORD000358,GADGET-X,7,677.11,,
ORD000359,MODULE-Z,4,871.08,,
ORD000360,CABLE-2M,3,605.28,,
ORD000361,BATTERY-AA,5,1430.35,CREATE_SHIPMENT,
ORD000362,WIDGET-B,7,863.52,,
ORD000363,PANEL-40W,5,991.0,,
ORD000364,SENSOR-T1,2,57.88,,
ORD000365,MODULE-Z,10,1329.8,,
ORD000366,GADGET-X,8,1328.64,,
ORD000367,MODULE-Z,1,238.94,,
ORD000368,WIDGET-B,1,255.91,,
ORD000369,CABLE-2M,2,249.9,,
ORD000370,ADAPTER-USB-C,7,2710.47,,
ORD000371,GADGET-X,9,1113.21,,
ORD000372,ADAPTER-USB-C,1,76.95,,
ORD000373,GIZMO-PRO,5,1392.35,,
ORD000374,WIDGET-A,9,3530.88,CREATE_SHIPMENT,
ORD000375,BATTERY-AA,2,514.54,,
ORD000376,MODULE-Z,5,758.65,,
ORD000377,MODULE-Z,4,1137.0,,
ORD000378,GIZMO-PRO,3,241.8,,
ORD000379,ADAPTER-USB-C,10,1316.0,,
ORD000380,MODULE-Z,9,1884.42,,
ORD000381,MODULE-Z,6,1730.1,,
ORD000382,GADGET-X,2,791.76,,
ORD000383,SENSOR-T1,2,685.2,,
ORD000384,ADAPTER-USB-C,1,81.78,,
ORD000385,ADAPTER-USB-C,1,150.96,,
ORD000386,CABLE-2M,5,1460.3,,
ORD000387,MODULE-Z,3,440.58,,
ORD000388,PANEL-40W,3,706.92,,
ORD000389,GADGET-X,10,3012.9,,
ORD000390,GADGET-X,3,288.99,,
ORD000391,SENSOR-T1,4,1071.04,,
ORD000392,ADAPTER-USB-C,10,2836.6,,
ORD000393,GADGET-X,5,1406.4,,
ORD000394,CABLE-2M,7,2622.76,,
ORD000395,WIDGET-A,3,873.12,,
ORD000396,WIDGET-A,4,514.8,,
ORD000397,WIDGET-B,7,1017.94,CREATE_SHIPMENT,
ORD000398,WIDGET-B,5,933.7,,
ORD000399,SENSOR-T1,4,675.36,,
ORD000400,GADGET-X,10,1679.5,,
ORD000401,BATTERY-AA,5,1620.3,,
ORD000402,GADGET-X,2,462.7,,
ORD000403,ADAPTER-USB-C,7,460.18,,
ORD000404,WIDGET-A,5,1175.25,,
ORD000405,CABLE-2M,5,712.05,,
ORD000406,GIZMO-PRO,6,1377.36,,
ORD000407,GADGET-X,2,45.42,,
ORD000408,WIDGET-B,1,89.35,,
ORD000409,GIZMO-PRO,7,1428.14,,
ORD000410,BATTERY-AA,7,1622.6,,
ORD000411,PANEL-40W,10,1159.3,,
ORD000412,SENSOR-T1,4,1591.32,,
ORD000413,WIDGET-A,3,1037.28,,
ORD000414,BATTERY-AA,2,552.88,,
ORD000415,WIDGET-A,9,1240.2,,
ORD000416,WIDGET-A,4,176.84,,
ORD000417,BATTERY-AA,5,1639.2,,
ORD000418,ADAPTER-USB-C,7,959.14,,
ORD000419,WIDGET-B,8,1382.88,,
ORD000420,SENSOR-T1,10,289.3,,
ORD000421,GIZMO-PRO,6,1005.54,,
ORD000422,SENSOR-T1,6,1549.32,,
ORD000423,SENSOR-T1,5,226.7,,
ORD000424,PANEL-40W,2,241.12,,
ORD000425,GADGET-X,4,151.32,,
ORD000426,SENSOR-T1,4,349.48,,
ORD000427,GADGET-X,6,918.78,,
ORD000428,WIDGET-A,7,1476.86,,
ORD000429,MODULE-Z,9,3052.35,,
ORD000430,WIDGET-A,3,425.82,,
ORD000431,WIDGET-B,10,3952.5,,
ORD000432,GIZMO-PRO,8,1400.96,,
ORD000433,GADGET-X,5,232.9,,
ORD000434,MODULE-Z,3,946.56,,
ORD000435,WIDGET-A,3,892.44,,
ORD000436,WIDGET-A,4,1017.0,,
ORD000437,ADAPTER-USB-C,7,1482.88,,
ORD000438,WIDGET-B,2,676.48,,
ORD000439,ADAPTER-USB-C,7,1910.09,,
ORD000440,CABLE-2M,9,966.69,,
ORD000441,PANEL-40W,1,215.79,CREATE_SHIPMENT,
ORD000442,PANEL-40W,1,245.94,,
ORD000443,GADGET-X,9,1782.9,,
ORD000444,PANEL-40W,6,549.3,,
ORD000445,BATTERY-AA,7,279.58,,
ORD000446,ADAPTER-USB-C,2,217.94,,
ORD000447,GADGET-X,2,646.24,,
ORD000448,SENSOR-T1,2,180.54,CHARGE_PAYMENT,
ORD000449,MODULE-Z,8,790.56,CREATE_SHIPMENT,
ORD000450,SENSOR-T1,4,191.8,,
ORD000451,ADAPTER-USB-C,4,189.68,,
ORD000452,WIDGET-A,9,3506.67,RESERVE_INVENTORY,
ORD000453,GADGET-X,2,293.64,,
ORD000454,GIZMO-PRO,5,323.05,,
ORD000455,CABLE-2M,1,342.7,,
ORD000456,ADAPTER-USB-C,2,107.1,,
ORD000457,BATTERY-AA,6,2118.54,,
ORD000458,GIZMO-PRO,9,2465.91,,
ORD000459,WIDGET-A,6,1715.7,,
ORD000460,SENSOR-T1,10,992.6,,
ORD000461,GADGET-X,3,850.89,,
ORD000462,GADGET-X,5,320.45,,
ORD000463,PANEL-40W,10,1558.6,,
ORD000464,WIDGET-B,4,1199.12,,
ORD000465,SENSOR-T1,7,672.49,CHARGE_PAYMENT,
ORD000466,PANEL-40W,7,882.77,,
ORD000467,WIDGET-B,2,303.22,,
ORD000468,GIZMO-PRO,8,1920.96,,
ORD000469,SENSOR-T1,2,554.28,,
ORD000470,ADAPTER-USB-C,7,668.64,,
ORD000471,GIZMO-PRO,8,2104.56,,
ORD000472,MODULE-Z,5,1210.15,,
ORD000473,SENSOR-T1,5,1357.25,RESERVE_INVENTORY,REFUND_PAYMENT
ORD000474,GADGET-X,10,3602.4,,
ORD000475,CABLE-2M,5,749.0,,
ORD000476,PANEL-40W,2,454.9,,
ORD000477,GIZMO-PRO,2,640.48,CREATE_ORDER,
ORD000478,MODULE-Z,1,273.83,,
ORD000479,WIDGET-B,6,508.56,,
ORD000480,ADAPTER-USB-C,10,431.5,,
ORD000481,WIDGET-A,7,1292.76,,
ORD000482,BATTERY-AA,2,798.2,CREATE_SHIPMENT,
ORD000483,GIZMO-PRO,9,3564.99,,
ORD000484,MODULE-Z,3,647.73,,
ORD000485,WIDGET-B,1,83.4,,
ORD000486,PANEL-40W,5,1360.4,,
ORD000487,ADAPTER-USB-C,2,369.18,,
ORD000488,MODULE-Z,6,2273.52,,
ORD000489,WIDGET-A,2,306.84,,
ORD000490,BATTERY-AA,2,629.94,,
ORD000491,BATTERY-AA,10,673.4,,
ORD000492,GADGET-X,2,427.38,,
ORD000493,MODULE-Z,4,455.08,,
ORD000494,WIDGET-A,4,975.08,,
ORD000495,WIDGET-B,8,578.48,,
ORD000496,BATTERY-AA,3,224.1,,
ORD000497,GADGET-X,7,1783.88,,
ORD000498,WIDGET-B,7,2327.22,,
ORD000499,WIDGET-B,7,556.43,,
ORD000500,WIDGET-A,7,433.3,,
ORD000501,BATTERY-AA,1,168.11,,
ORD000502,GIZMO-PRO,5,1119.8,,
ORD000503,CABLE-2M,6,2162.1,,
ORD000504,BATTERY-AA,3,707.43,,
ORD000505,WIDGET-B,7,1804.25,,
ORD000506,PANEL-40W,5,518.1,,
ORD000507,ADAPTER-USB-C,7,1093.54,,
ORD000508,ADAPTER-USB-C,2,77.68,,
ORD000509,WIDGET-A,3,661.77,,
ORD000510,CABLE-2M,4,1106.04,,
ORD000511,WIDGET-A,6,939.9,,
ORD000512,BATTERY-AA,9,1846.89,CREATE_SHIPMENT,
ORD000513,WIDGET-B,1,281.28,,
ORD000514,GIZMO-PRO,6,2316.42,,
ORD000515,SENSOR-T1,4,1005.96,,
ORD000516,MODULE-Z,3,627.3,,
ORD000517,MODULE-Z,1,345.2,,
ORD000518,PANEL-40W,5,1634.6,,
ORD000519,MODULE-Z,7,378.84,,
ORD000520,WIDGET-B,2,341.48,,
ORD000521,SENSOR-T1,6,194.16,,
ORD000522,GADGET-X,5,1320.3,CREATE_SHIPMENT,REFUND_PAYMENT
ORD000523,WIDGET-B,9,653.67,,
ORD000524,WIDGET-A,10,3750.4,,
ORD000525,PANEL-40W,9,199.08,,
ORD000526,CABLE-2M,6,1669.56,,
ORD000527,WIDGET-B,3,950.79,,
ORD000528,GADGET-X,7,2153.41,,
ORD000529,WIDGET-B,8,1132.56,,
ORD000530,WIDGET-B,2,767.0,,
ORD000531,BATTERY-AA,2,574.28,,
ORD000532,BATTERY-AA,2,740.92,,
ORD000533,CABLE-2M,6,1342.8,,
ORD000534,WIDGET-B,3,1056.03,,
ORD000535,WIDGET-A,7,2615.06,,
ORD000536,ADAPTER-USB-C,8,1487.68,,
ORD000537,BATTERY-AA,8,479.92,,
ORD000538,GADGET-X,10,1431.5,RESERVE_INVENTORY,
ORD000539,CABLE-2M,10,3251.2,,
ORD000540,ADAPTER-USB-C,10,2437.5,,
ORD000541,PANEL-40W,3,607.74,,
ORD000542,MODULE-Z,2,570.04,,
ORD000543,SENSOR-T1,6,1785.36,,
ORD000544,SENSOR-T1,2,650.04,,
ORD000545,GIZMO-PRO,4,737.76,,
ORD000546,BATTERY-AA,3,1172.34,,
ORD000547,ADAPTER-USB-C,7,1434.86,,
ORD000548,PANEL-40W,2,556.38,,
ORD000549,GADGET-X,1,397.5,,
ORD000550,GADGET-X,9,1856.52,,
ORD000551,ADAPTER-USB-C,6,1957.14,,
ORD000552,GADGET-X,4,1578.8,,
ORD000553,PANEL-40W,6,395.46,,
ORD000554,PANEL-40W,3,1085.31,,
ORD000555,MODULE-Z,6,368.4,,
ORD000556,SENSOR-T1,10,3458.9,,
ORD000557,SENSOR-T1,2,229.4,CHARGE_PAYMENT,
ORD000558,SENSOR-T1,5,1165.5,,
ORD000559,WIDGET-B,5,155.1,,
ORD000560,BATTERY-AA,3,1056.15,,
ORD000561,BATTERY-AA,3,754.71,,
ORD000562,GADGET-X,9,2746.35,,
ORD000563,PANEL-40W,5,682.25,,
ORD000564,MODULE-Z,9,978.3,,
ORD000565,MODULE-Z,6,1782.66,,
ORD000566,BATTERY-AA,5,1175.45,,
ORD000567,GIZMO-PRO,2,761.9,,
ORD000568,WIDGET-B,5,1813.3,,
ORD000569,PANEL-40W,2,188.42,,
ORD000570,MODULE-Z,3,130.02,,
ORD000571,WIDGET-B,3,93.84,,
ORD000572,BATTERY-AA,9,443.97,,
ORD000573,GADGET-X,2,440.3,,
ORD000574,ADAPTER-USB-C,4,1417.04,,
ORD000575,GADGET-X,8,746.4,,
ORD000576,WIDGET-A,9,3394.62,,
ORD000577,WIDGET-B,3,1085.31,,
ORD000578,GIZMO-PRO,5,1883.9,,
ORD000579,GADGET-X,7,2627.03,CREATE_SHIPMENT,
ORD000580,PANEL-40W,10,3613.7,,
ORD000581,GADGET-X,2,624.62,,
ORD000582,WIDGET-A,2,124.92,,
ORD000583,WIDGET-A,7,225.05,,
ORD000584,PANEL-40W,9,3075.39,,
ORD000585,WIDGET-B,1,161.07,,
ORD000586,GIZMO-PRO,7,2356.83,,
ORD000587,MODULE-Z,4,607.04,RESERVE_INVENTORY,
ORD000588,PANEL-40W,6,1319.52,,
ORD000589,MODULE-Z,8,2140.8,,
ORD000590,CABLE-2M,3,288.93,,
ORD000591,ADAPTER-USB-C,8,831.68,,
ORD000592,GADGET-X,4,1110.72,,
ORD000593,PANEL-40W,9,2143.98,,
ORD000594,WIDGET-A,3,414.36,CHARGE_PAYMENT,
ORD000595,GIZMO-PRO,1,320.32,,
ORD000596,WIDGET-B,9,1016.01,,
ORD000597,CABLE-2M,9,3565.17,,
ORD000598,MODULE-Z,2,732.36,,
ORD000599,CABLE-2M,3,537.78,,
ORD000600,GIZMO-PRO,6,2383.08,,
ORD000601,SENSOR-T1,9,2209.05,,
ORD000602,ADAPTER-USB-C,1,39.77,CREATE_ORDER,
ORD000603,GADGET-X,3,137.13,,
ORD000604,ADAPTER-USB-C,4,1495.84,,
ORD000605,GADGET-X,3,976.08,,
ORD000606,WIDGET-A,4,440.72,,
ORD000607,GIZMO-PRO,8,1276.72,,
ORD000608,SENSOR-T1,3,1130.31,RESERVE_INVENTORY,
ORD000609,WIDGET-A,2,273.28,,
ORD000610,WIDGET-B,5,1101.1,,
ORD000611,PANEL-40W,8,2477.28,,
ORD000612,WIDGET-B,2,536.72,CHARGE_PAYMENT,
ORD000613,BATTERY-AA,3,242.79,,
ORD000614,PANEL-40W,2,263.76,,
ORD000615,PANEL-40W,8,1224.88,,
ORD000616,ADAPTER-USB-C,8,278.56,,
ORD000617,ADAPTER-USB-C,1,186.78,,
ORD000618,BATTERY-AA,1,127.07,CREATE_SHIPMENT,
ORD000619,GIZMO-PRO,1,29.21,,
ORD000620,ADAPTER-USB-C,10,2680.6,,
ORD000621,GADGET-X,6,154.62,,
ORD000622,WIDGET-A,6,714.12,,
ORD000623,MODULE-Z,8,922.32,,
ORD000624,GADGET-X,6,447.54,,
ORD000625,PANEL-40W,7,1282.82,,
ORD000626,SENSOR-T1,6,2284.62,,
ORD000627,PANEL-40W,3,593.94,,
ORD000628,SENSOR-T1,3,1124.58,,
ORD000629,BATTERY-AA,10,1733.9,,
ORD000630,MODULE-Z,5,1313.95,,
ORD000631,WIDGET-A,6,1213.2,,
ORD000632,BATTERY-AA,7,1963.71,,
ORD000633,CABLE-2M,5,1045.7,,
ORD000634,PANEL-40W,8,331.36,,
ORD000635,ADAPTER-USB-C,1,263.69,,
ORD000636,SENSOR-T1,9,1694.16,,
ORD000637,WIDGET-A,4,966.52,,
ORD000638,WIDGET-A,5,470.3,,
ORD000639,WIDGET-B,7,1079.26,CREATE_ORDER,
ORD000640,ADAPTER-USB-C,3,391.29,,
ORD000641,BATTERY-AA,9,1351.26,,
ORD000642,GIZMO-PRO,8,2602.64,,
ORD000643,GADGET-X,4,1292.08,,
ORD000644,SENSOR-T1,3,194.1,,
ORD000645,GIZMO-PRO,1,369.43,CHARGE_PAYMENT,
ORD000646,PANEL-40W,7,2620.45,,
ORD000647,WIDGET-B,3,184.68,,
ORD000648,CABLE-2M,5,583.05,,
ORD000649,SENSOR-T1,10,2666.2,,
ORD000650,WIDGET-A,7,2448.18,,
ORD000651,WIDGET-A,10,1204.9,,
ORD000652,ADAPTER-USB-C,4,664.4,,
ORD000653,WIDGET-A,3,629.88,,
ORD000654,GIZMO-PRO,10,3146.0,,
ORD000655,BATTERY-AA,7,980.49,,
ORD000656,GADGET-X,1,266.18,,
ORD000657,WIDGET-B,6,868.86,CREATE_ORDER,
ORD000658,PANEL-40W,10,1351.1,,
ORD000659,WIDGET-A,6,368.82,,
ORD000660,ADAPTER-USB-C,2,66.9,,
ORD000661,BATTERY-AA,1,199.75,,
ORD000662,GIZMO-PRO,5,478.55,,
ORD000663,GIZMO-PRO,7,1011.15,CREATE_ORDER,
ORD000664,SENSOR-T1,9,3120.75,,
ORD000665,BATTERY-AA,7,713.16,,
ORD000666,ADAPTER-USB-C,2,132.68,,
ORD000667,CABLE-2M,9,2945.52,,
ORD000668,BATTERY-AA,5,1213.9,,
ORD000669,WIDGET-A,9,478.53,,
ORD000670,WIDGET-A,10,771.2,,
ORD000671,SENSOR-T1,10,2961.8,,
ORD000672,WIDGET-A,1,193.52,,
ORD000673,WIDGET-B,8,749.28,,
ORD000674,WIDGET-A,9,423.0,,
ORD000675,PANEL-40W,8,2800.0,,
ORD000676,ADAPTER-USB-C,10,3181.9,,
ORD000677,GIZMO-PRO,10,1753.6,,
ORD000678,PANEL-40W,3,339.54,,
ORD000679,CABLE-2M,1,165.6,,
ORD000680,ADAPTER-USB-C,10,601.3,,
ORD000681,ADAPTER-USB-C,10,3520.3,,
ORD000682,WIDGET-B,6,813.48,,
ORD000683,BATTERY-AA,10,1759.6,,
ORD000684,GIZMO-PRO,5,164.4,,
ORD000685,SENSOR-T1,8,789.44,,
ORD000686,GIZMO-PRO,8,1482.96,,
ORD000687,WIDGET-A,7,2460.99,,
ORD000688,WIDGET-B,8,2394.4,,
ORD000689,BATTERY-AA,8,2164.24,,
ORD000690,BATTERY-AA,7,2497.04,RESERVE_INVENTORY,
ORD000691,PANEL-40W,10,2691.9,,
ORD000692,CABLE-2M,4,1073.2,,
ORD000693,WIDGET-B,9,2186.91,,
ORD000694,PANEL-40W,7,184.52,,
ORD000695,CABLE-2M,5,271.6,,
ORD000696,CABLE-2M,5,1988.0,,
ORD000697,CABLE-2M,1,209.3,RESERVE_INVENTORY,
ORD000698,CABLE-2M,2,488.66,,
ORD000699,MODULE-Z,6,1439.94,,
ORD000700,BATTERY-AA,7,1587.88,,
ORD000701,GADGET-X,10,1434.1,,
ORD000702,WIDGET-A,5,1538.0,,
ORD000703,ADAPTER-USB-C,6,500.88,,
ORD000704,ADAPTER-USB-C,8,1038.96,,
ORD000705,CABLE-2M,3,171.84,CREATE_SHIPMENT,
ORD000706,ADAPTER-USB-C,10,285.7,,
ORD000707,CABLE-2M,1,48.63,,
ORD000708,GADGET-X,6,2008.8,,
ORD000709,SENSOR-T1,3,468.6,,
ORD000710,WIDGET-A,9,1460.88,,
ORD000711,GADGET-X,5,1290.1,,
ORD000712,PANEL-40W,4,394.08,CREATE_ORDER,
ORD000713,WIDGET-A,4,481.88,,
ORD000714,PANEL-40W,1,272.91,,
ORD000715,MODULE-Z,4,1029.52,,
ORD000716,MODULE-Z,6,1970.28,,
ORD000717,ADAPTER-USB-C,6,183.06,,
ORD000718,PANEL-40W,5,1257.65,,
ORD000719,GIZMO-PRO,9,941.76,,
ORD000720,GADGET-X,6,1916.58,,
ORD000721,GADGET-X,3,1103.49,,
ORD000722,GADGET-X,8,1239.68,,
ORD000723,GIZMO-PRO,6,2108.82,,
ORD000724,MODULE-Z,1,106.93,,
ORD000725,WIDGET-A,2,622.66,,
ORD000726,PANEL-40W,1,56.18,CHARGE_PAYMENT,
ORD000727,ADAPTER-USB-C,10,2226.5,,
ORD000728,WIDGET-B,7,195.58,,
ORD000729,GADGET-X,9,1112.49,,
ORD000730,MODULE-Z,1,197.63,,
ORD000731,BATTERY-AA,1,155.23,,
ORD000732,GIZMO-PRO,5,669.5,CHARGE_PAYMENT,
ORD000733,PANEL-40W,3,366.27,,
ORD000734,WIDGET-B,8,2219.36,,
ORD000735,BATTERY-AA,10,3238.5,,
ORD000736,BATTERY-AA,4,708.0,,
ORD000737,BATTERY-AA,5,990.35,,
ORD000738,BATTERY-AA,4,513.24,,
ORD000739,CABLE-2M,1,266.21,CREATE_SHIPMENT,
ORD000740,GIZMO-PRO,6,2100.42,,
ORD000741,ADAPTER-USB-C,6,1817.58,,
ORD000742,CABLE-2M,9,2070.81,,
ORD000743,GIZMO-PRO,2,123.24,,
ORD000744,MODULE-Z,9,1638.99,,
ORD000745,WIDGET-A,5,1081.95,,
ORD000746,WIDGET-B,9,3577.05,RESERVE_INVENTORY,
ORD000747,WIDGET-B,8,1869.68,,
ORD000748,CABLE-2M,10,3097.0,,
ORD000749,PANEL-40W,3,138.21,,
ORD000750,GIZMO-PRO,8,819.04,,
ORD000751,BATTERY-AA,6,2376.54,,
ORD000752,PANEL-40W,1,24.67,,
ORD000753,GIZMO-PRO,10,476.6,,
ORD000754,MODULE-Z,3,1151.91,,
ORD000755,WIDGET-B,3,358.98,,
ORD000756,GIZMO-PRO,3,125.22,RESERVE_INVENTORY,
ORD000757,WIDGET-A,3,1070.58,,
ORD000758,MODULE-Z,5,1812.35,,
ORD000759,MODULE-Z,2,507.54,,
ORD000760,WIDGET-A,10,1355.4,,
ORD000761,SENSOR-T1,7,2041.83,,
ORD000762,ADAPTER-USB-C,1,111.17,,
ORD000763,GIZMO-PRO,2,90.08,,
ORD000764,GIZMO-PRO,7,911.19,,
ORD000765,WIDGET-B,7,2627.45,,
ORD000766,WIDGET-A,1,175.94,,
ORD000767,WIDGET-B,9,1046.7,,
ORD000768,MODULE-Z,10,1610.8,,
ORD000769,GADGET-X,10,2644.7,,
ORD000770,GIZMO-PRO,9,218.88,,
ORD000771,PANEL-40W,4,761.64,,
ORD000772,WIDGET-A,2,452.4,,
ORD000773,GADGET-X,4,662.96,,
ORD000774,CABLE-2M,10,1627.6,,
ORD000775,MODULE-Z,1,153.28,CHARGE_PAYMENT,
ORD000776,WIDGET-A,1,111.78,,
ORD000777,GADGET-X,2,582.06,,
ORD000778,MODULE-Z,10,3956.5,,
ORD000779,PANEL-40W,2,214.78,,
ORD000780,ADAPTER-USB-C,2,372.1,RESERVE_INVENTORY,CANCEL_SHIPMENT
ORD000781,CABLE-2M,7,537.95,,
ORD000782,BATTERY-AA,2,334.9,,
ORD000783,WIDGET-A,10,306.8,,
ORD000784,WIDGET-A,7,2501.31,,
ORD000785,CABLE-2M,5,1129.5,,
ORD000786,GADGET-X,3,497.1,,
ORD000787,MODULE-Z,2,730.26,CHARGE_PAYMENT,
ORD000788,GIZMO-PRO,2,571.6,,
ORD000789,GADGET-X,7,2441.25,,
ORD000790,SENSOR-T1,2,463.7,,
ORD000791,CABLE-2M,6,1466.64,,
ORD000792,PANEL-40W,10,3579.6,,
ORD000793,GIZMO-PRO,8,2153.76,,
ORD000794,GADGET-X,5,867.0,,
ORD000795,GADGET-X,1,185.04,,
ORD000796,GIZMO-PRO,6,2297.88,,
ORD000797,SENSOR-T1,8,2190.4,,
ORD000798,WIDGET-A,5,455.35,,
ORD000799,PANEL-40W,4,904.24,,
ORD000800,CABLE-2M,9,2258.46,,
ORD000801,WIDGET-B,1,281.3,,
ORD000802,SENSOR-T1,8,3173.76,,
ORD000803,WIDGET-B,7,2044.63,,
ORD000804,ADAPTER-USB-C,3,883.8,,
ORD000805,CABLE-2M,5,703.65,,
ORD000806,MODULE-Z,8,1796.88,,
ORD000807,GIZMO-PRO,3,762.9,,
ORD000808,WIDGET-A,7,1241.17,,
ORD000809,GIZMO-PRO,10,2758.5,,
ORD000810,WIDGET-A,6,344.28,CREATE_SHIPMENT,
ORD000811,SENSOR-T1,5,1140.85,,
ORD000812,MODULE-Z,2,83.6,,
ORD000813,ADAPTER-USB-C,4,233.32,,
ORD000814,WIDGET-B,3,665.97,,
ORD000815,PANEL-40W,6,2214.24,,
ORD000816,MODULE-Z,7,1613.92,,
ORD000817,WIDGET-A,9,3514.05,,
ORD000818,SENSOR-T1,7,1386.0,CREATE_SHIPMENT,
ORD000819,ADAPTER-USB-C,10,3657.6,,
ORD000820,SENSOR-T1,1,224.8,,
ORD000821,MODULE-Z,2,792.8,,
ORD000822,SENSOR-T1,2,386.32,,
ORD000823,SENSOR-T1,7,2695.77,,
ORD000824,CABLE-2M,8,2758.56,,
ORD000825,WIDGET-B,1,286.61,,
ORD000826,GADGET-X,8,613.36,,
ORD000827,PANEL-40W,4,1240.68,,
ORD000828,SENSOR-T1,5,798.95,,
ORD000829,GIZMO-PRO,1,21.24,,
ORD000830,GADGET-X,3,245.07,,
ORD000831,WIDGET-B,10,2765.4,,
ORD000832,ADAPTER-USB-C,3,749.76,CREATE_ORDER,
ORD000833,GADGET-X,7,2215.36,,
ORD000834,WIDGET-A,6,1191.78,,
ORD000835,GIZMO-PRO,1,366.27,,
ORD000836,ADAPTER-USB-C,5,683.05,,
ORD000837,WIDGET-B,7,2596.72,,
ORD000838,PANEL-40W,3,425.22,,
ORD000839,WIDGET-A,9,996.03,,
ORD000840,BATTERY-AA,9,3138.03,,
ORD000841,BATTERY-AA,9,1265.67,,
ORD000842,SENSOR-T1,4,591.8,,
ORD000843,GIZMO-PRO,8,350.32,,
ORD000844,GIZMO-PRO,3,337.53,,
ORD000845,ADAPTER-USB-C,6,572.46,RESERVE_INVENTORY,
ORD000846,PANEL-40W,4,275.52,,
ORD000847,PANEL-40W,9,2277.36,,
ORD000848,PANEL-40W,7,1221.92,,
ORD000849,MODULE-Z,7,2219.7,,
ORD000850,SENSOR-T1,6,1181.58,,
ORD000851,SENSOR-T1,3,1021.74,,
ORD000852,WIDGET-A,5,830.5,,
ORD000853,GADGET-X,5,1224.1,,
ORD000854,GADGET-X,9,3230.73,,
ORD000855,SENSOR-T1,8,846.72,,
ORD000856,MODULE-Z,8,3025.12,,
ORD000857,CABLE-2M,5,680.4,,
ORD000858,GIZMO-PRO,10,3249.7,,
ORD000859,GIZMO-PRO,1,65.56,CREATE_ORDER,
ORD000860,ADAPTER-USB-C,10,2053.8,,
ORD000861,BATTERY-AA,7,1305.92,,
ORD000862,GADGET-X,6,1538.46,,
ORD000863,PANEL-40W,2,135.74,,
ORD000864,WIDGET-B,3,695.22,,
ORD000865,WIDGET-B,3,528.03,,
ORD000866,MODULE-Z,10,1324.7,,
ORD000867,WIDGET-B,8,2123.12,,
ORD000868,MODULE-Z,2,160.08,,
ORD000869,CABLE-2M,9,2727.72,,
ORD000870,PANEL-40W,10,3321.5,,
ORD000871,ADAPTER-USB-C,2,661.76,,
ORD000872,GADGET-X,5,316.35,,
ORD000873,GADGET-X,10,2381.6,,
ORD000874,PANEL-40W,6,356.1,,
ORD000875,CABLE-2M,1,207.1,,
ORD000876,GIZMO-PRO,2,304.48,,
ORD000877,PANEL-40W,3,530.88,,
ORD000878,GIZMO-PRO,7,1369.9,,
ORD000879,ADAPTER-USB-C,2,456.36,,
ORD000880,PANEL-40W,9,2024.37,,
ORD000881,GIZMO-PRO,7,1806.84,,
ORD000882,ADAPTER-USB-C,3,861.39,,
ORD000883,ADAPTER-USB-C,10,992.8,,
ORD000884,GADGET-X,7,755.16,,
ORD000885,WIDGET-A,8,2721.68,,
ORD000886,WIDGET-B,4,512.76,,
ORD000887,BATTERY-AA,6,1116.42,,
ORD000888,ADAPTER-USB-C,6,1929.9,,
ORD000889,MODULE-Z,10,2851.3,,
ORD000890,BATTERY-AA,7,1636.53,,
ORD000891,BATTERY-AA,2,720.18,,
ORD000892,GIZMO-PRO,6,188.88,,
ORD000893,MODULE-Z,2,276.46,,
ORD000894,PANEL-40W,10,1650.4,,
ORD000895,WIDGET-B,6,154.56,,
ORD000896,GIZMO-PRO,3,885.33,,
ORD000897,WIDGET-B,4,367.2,,
ORD000898,WIDGET-B,5,183.65,,
ORD000899,WIDGET-B,8,464.8,,
ORD000900,WIDGET-B,5,1241.9,,
ORD000901,WIDGET-B,3,1031.55,,
ORD000902,GIZMO-PRO,2,388.82,,
ORD000903,WIDGET-B,10,2786.8,,
ORD000904,CABLE-2M,9,295.02,,
ORD000905,SENSOR-T1,7,1200.29,CREATE_SHIPMENT,CANCEL_ORDER
ORD000906,CABLE-2M,10,1493.7,,
ORD000907,WIDGET-B,1,136.78,,
ORD000908,SENSOR-T1,7,2600.78,,
ORD000909,MODULE-Z,1,193.3,CREATE_SHIPMENT,
ORD000910,WIDGET-B,5,1282.85,CHARGE_PAYMENT,
ORD000911,GIZMO-PRO,1,325.48,,
ORD000912,WIDGET-A,6,137.16,,
ORD000913,GADGET-X,1,179.28,,
ORD000914,BATTERY-AA,8,455.12,,
ORD000915,SENSOR-T1,9,1515.24,,
ORD000916,GADGET-X,5,977.0,,
ORD000917,PANEL-40W,9,1944.27,,
ORD000918,WIDGET-A,10,2240.7,,
ORD000919,WIDGET-A,10,2005.2,,
ORD000920,PANEL-40W,3,1083.12,,
ORD000921,ADAPTER-USB-C,2,598.9,,
ORD000922,CABLE-2M,1,144.73,,
ORD000923,CABLE-2M,5,1925.1,,
ORD000924,ADAPTER-USB-C,1,243.65,,
ORD000925,WIDGET-B,1,188.0,,
ORD000926,GADGET-X,2,480.64,,
ORD000927,ADAPTER-USB-C,2,653.06,,
ORD000928,BATTERY-AA,9,555.48,,
ORD000929,CABLE-2M,9,1796.94,,
ORD000930,PANEL-40W,5,1886.4,,
ORD000931,BATTERY-AA,4,1155.64,,
ORD000932,ADAPTER-USB-C,10,2873.2,,
ORD000933,SENSOR-T1,5,1340.75,,
ORD000934,GIZMO-PRO,1,270.18,,
ORD000935,WIDGET-B,2,722.22,,
ORD000936,WIDGET-B,8,3099.28,,
ORD000937,PANEL-40W,8,549.12,,
ORD000938,BATTERY-AA,5,1915.9,,
ORD000939,MODULE-Z,3,227.28,,
ORD000940,GIZMO-PRO,3,318.0,,
ORD000941,WIDGET-A,7,2397.22,,
ORD000942,PANEL-40W,2,710.64,,
ORD000943,WIDGET-A,1,169.43,,
ORD000944,ADAPTER-USB-C,1,359.59,,
ORD000945,ADAPTER-USB-C,4,1090.96,,
ORD000946,MODULE-Z,1,263.01,CREATE_SHIPMENT,
ORD000947,CABLE-2M,8,3027.36,,
ORD000948,ADAPTER-USB-C,9,2628.27,,
ORD000949,CABLE-2M,4,1349.8,,
ORD000950,CABLE-2M,10,3669.5,,
ORD000951,WIDGET-A,10,859.5,,
ORD000952,GADGET-X,6,309.72,,
ORD000953,MODULE-Z,1,342.8,,
ORD000954,WIDGET-A,8,2002.88,,
ORD000955,ADAPTER-USB-C,8,2520.8,,
ORD000956,PANEL-40W,3,1043.88,,
ORD000957,MODULE-Z,1,21.79,,
ORD000958,PANEL-40W,8,3155.36,,
ORD000959,WIDGET-A,10,3965.2,,
ORD000960,CABLE-2M,1,230.57,,
ORD000961,WIDGET-A,10,1700.6,,
ORD000962,WIDGET-B,10,1360.9,,
ORD000963,WIDGET-B,2,494.48,,
ORD000964,WIDGET-A,6,1537.38,,
ORD000965,PANEL-40W,9,1209.06,,
ORD000966,BATTERY-AA,5,891.5,,
ORD000967,MODULE-Z,8,2758.48,,
ORD000968,BATTERY-AA,6,269.16,,
ORD000969,SENSOR-T1,10,706.7,,
ORD000970,CABLE-2M,1,151.73,,
ORD000971,WIDGET-B,9,2831.31,,
ORD000972,PANEL-40W,2,514.46,,
ORD000973,GADGET-X,7,2716.07,,
ORD000974,SENSOR-T1,1,392.76,,
ORD000975,WIDGET-B,1,118.69,,
ORD000976,SENSOR-T1,8,2005.68,,
ORD000977,BATTERY-AA,4,1431.24,,
ORD000978,SENSOR-T1,6,324.66,,
ORD000979,WIDGET-B,8,461.44,,
ORD000980,GADGET-X,4,1170.16,,
ORD000981,WIDGET-A,3,129.24,,
ORD000982,ADAPTER-USB-C,8,1665.84,,
ORD000983,SENSOR-T1,1,266.85,CREATE_SHIPMENT,
ORD000984,WIDGET-B,6,1764.0,,
ORD000985,MODULE-Z,10,678.7,,
ORD000986,SENSOR-T1,5,1407.5,,
ORD000987,WIDGET-B,7,1115.8,,
ORD000988,WIDGET-A,2,772.22,,
ORD000989,PANEL-40W,8,349.68,,
ORD000990,WIDGET-A,10,1469.6,,
ORD000991,SENSOR-T1,5,543.25,,
ORD000992,GADGET-X,1,80.73,,
ORD000993,CABLE-2M,6,1369.38,,
ORD000994,SENSOR-T1,4,889.32,,
ORD000995,WIDGET-A,6,1509.3,,
ORD000996,WIDGET-A,4,1147.12,,
ORD000997,GIZMO-PRO,4,529.04,,
ORD000998,ADAPTER-USB-C,2,741.8,,
ORD000999,WIDGET-A,6,2059.2,,
ORD001000,GADGET-X,5,1396.95,CHARGE_PAYMENT,
ORD001001,MODULE-Z,1,97.42,,
ORD001002,PANEL-40W,4,226.6,,
ORD001003,WIDGET-A,3,563.37,,
ORD001004,SENSOR-T1,8,2660.4,,
ORD001005,CABLE-2M,5,106.85,,
ORD001006,BATTERY-AA,4,1166.48,,
ORD001007,ADAPTER-USB-C,4,1567.36,,
ORD001008,SENSOR-T1,4,920.96,,
ORD001009,MODULE-Z,7,2428.93,,
ORD001010,WIDGET-A,8,2838.72,,
ORD001011,GIZMO-PRO,3,131.52,,
ORD001012,BATTERY-AA,4,1593.28,,
ORD001013,ADAPTER-USB-C,2,303.26,,
ORD001014,ADAPTER-USB-C,7,444.64,,
ORD001015,GADGET-X,5,353.95,,
ORD001016,PANEL-40W,3,727.26,,
ORD001017,CABLE-2M,8,1745.44,,
ORD001018,GADGET-X,8,2855.28,,
ORD001019,ADAPTER-USB-C,4,561.96,,
ORD001020,ADAPTER-USB-C,8,1599.2,,
ORD001021,SENSOR-T1,5,919.15,,
ORD001022,SENSOR-T1,4,1421.44,,
ORD001023,SENSOR-T1,5,1271.85,RESERVE_INVENTORY,
ORD001024,BATTERY-AA,2,318.46,,
ORD001025,CABLE-2M,8,2646.32,,
ORD001026,CABLE-2M,8,1694.4,,
ORD001027,WIDGET-B,10,2562.0,,
ORD001028,ADAPTER-USB-C,2,144.32,,
ORD001029,CABLE-2M,2,144.3,,
ORD001030,PANEL-40W,2,698.86,,
ORD001031,GADGET-X,5,1841.1,,
ORD001032,PANEL-40W,9,344.34,,
ORD001033,CABLE-2M,2,681.6,,
ORD001034,PANEL-40W,2,237.2,CHARGE_PAYMENT,
ORD001035,BATTERY-AA,4,793.52,,
ORD001036,CABLE-2M,1,55.25,,
ORD001037,CABLE-2M,3,797.46,,
ORD001038,MODULE-Z,4,362.48,,
ORD001039,BATTERY-AA,5,1483.15,,
ORD001040,SENSOR-T1,4,472.4,,
ORD001041,GIZMO-PRO,9,1362.33,,
ORD001042,PANEL-40W,1,117.76,,
ORD001043,SENSOR-T1,2,626.14,,
ORD001044,GIZMO-PRO,4,181.44,,
ORD001045,GADGET-X,8,989.92,,
ORD001046,WIDGET-A,3,748.17,,
ORD001047,PANEL-40W,4,964.88,,
ORD001048,CABLE-2M,10,2365.1,,
ORD001049,CABLE-2M,3,881.22,,
ORD001050,WIDGET-A,4,637.72,,
ORD001051,BATTERY-AA,5,1084.05,,
ORD001052,BATTERY-AA,1,277.7,,
ORD001053,BATTERY-AA,10,1096.7,,
ORD001054,ADAPTER-USB-C,5,1784.5,,
ORD001055,SENSOR-T1,1,238.39,,
ORD001056,ADAPTER-USB-C,8,701.84,,
ORD001057,WIDGET-B,4,1117.12,,
ORD001058,WIDGET-A,4,1085.0,,
ORD001059,GADGET-X,10,2641.8,,
ORD001060,PANEL-40W,8,1592.32,,
ORD001061,BATTERY-AA,8,1756.08,,
ORD001062,SENSOR-T1,2,484.94,,
ORD001063,PANEL-40W,5,1142.8,,
ORD001064,SENSOR-T1,5,807.85,,
ORD001065,BATTERY-AA,3,465.93,,
ORD001066,BATTERY-AA,8,1736.72,,
ORD001067,GADGET-X,7,1306.97,,
ORD001068,MODULE-Z,10,3060.2,,
ORD001069,GIZMO-PRO,7,2780.75,,
ORD001070,BATTERY-AA,6,1641.0,,
ORD001071,WIDGET-B,9,2586.51,,
ORD001072,ADAPTER-USB-C,3,506.46,,
ORD001073,SENSOR-T1,3,91.08,,
ORD001074,GADGET-X,3,705.75,,
ORD001075,SENSOR-T1,2,534.98,,
ORD001076,BATTERY-AA,4,1460.92,,
ORD001077,ADAPTER-USB-C,3,1035.03,,
ORD001078,SENSOR-T1,2,506.16,,
ORD001079,BATTERY-AA,1,321.08,,
ORD001080,MODULE-Z,4,1531.12,,
ORD001081,SENSOR-T1,6,1368.18,,
ORD001082,WIDGET-A,4,821.12,,
ORD001083,GADGET-X,8,864.64,,
ORD001084,CABLE-2M,6,1491.18,,
ORD001085,PANEL-40W,8,2091.36,,
ORD001086,GADGET-X,4,1021.4,,
ORD001087,MODULE-Z,6,700.44,,
ORD001088,CABLE-2M,8,2238.64,,
ORD001089,PANEL-40W,5,827.1,,
ORD001090,CABLE-2M,7,1264.41,,
ORD001091,BATTERY-AA,7,1631.21,,
ORD001092,GIZMO-PRO,2,310.76,,
ORD001093,BATTERY-AA,1,352.01,,
ORD001094,WIDGET-A,3,1116.36,,
ORD001095,ADAPTER-USB-C,1,385.61,,
ORD001096,WIDGET-A,7,978.25,,
ORD001097,PANEL-40W,4,977.96,,
ORD001098,PANEL-40W,4,802.6,,
ORD001099,WIDGET-B,7,2598.26,,
ORD001100,GIZMO-PRO,3,620.43,,
ORD001101,SENSOR-T1,4,973.08,,
ORD001102,GIZMO-PRO,1,91.21,,
ORD001103,WIDGET-B,4,96.64,,
ORD001104,SENSOR-T1,1,146.68,,
ORD001105,ADAPTER-USB-C,4,854.68,,
ORD001106,WIDGET-B,2,690.02,,
ORD001107,WIDGET-A,9,280.8,,
ORD001108,PANEL-40W,8,1156.56,,
ORD001109,BATTERY-AA,10,1082.1,,
ORD001110,GIZMO-PRO,7,2229.78,,
ORD001111,WIDGET-B,3,153.99,,
ORD001112,PANEL-40W,9,1045.17,CHARGE_PAYMENT,
ORD001113,ADAPTER-USB-C,5,1560.3,,
ORD001114,CABLE-2M,5,336.1,,
ORD001115,MODULE-Z,7,983.01,,
ORD001116,MODULE-Z,7,722.4,,
ORD001117,ADAPTER-USB-C,5,1072.55,,
ORD001118,PANEL-40W,5,1774.25,CHARGE_PAYMENT,
ORD001119,CABLE-2M,9,1634.04,,
ORD001120,BATTERY-AA,2,413.88,,
ORD001121,SENSOR-T1,7,2661.82,,
ORD001122,MODULE-Z,3,713.46,,
ORD001123,CABLE-2M,4,1365.36,,
ORD001124,GADGET-X,9,3478.68,,
ORD001125,WIDGET-A,8,2175.04,CREATE_SHIPMENT,CANCEL_ORDER
ORD001126,WIDGET-A,9,2803.86,,
ORD001127,BATTERY-AA,1,324.15,,
ORD001128,BATTERY-AA,9,812.43,RESERVE_INVENTORY,
ORD001129,PANEL-40W,8,1559.28,,
ORD001130,PANEL-40W,10,2653.2,,
ORD001131,BATTERY-AA,6,2127.3,,
ORD001132,BATTERY-AA,9,1026.81,,
ORD001133,SENSOR-T1,4,1047.6,,
ORD001134,CABLE-2M,10,1542.2,,
ORD001135,GADGET-X,5,1814.0,RESERVE_INVENTORY,
ORD001136,MODULE-Z,9,1711.44,,
ORD001137,WIDGET-A,9,2946.96,,
ORD001138,CABLE-2M,8,2220.16,,
ORD001139,SENSOR-T1,6,594.84,,
ORD001140,GIZMO-PRO,9,2926.17,,
ORD001141,SENSOR-T1,1,327.77,,
ORD001142,BATTERY-AA,3,145.65,,
ORD001143,WIDGET-B,5,1610.8,,
ORD001144,GADGET-X,2,757.14,,
ORD001145,BATTERY-AA,10,3367.9,,
ORD001146,BATTERY-AA,2,614.34,,
ORD001147,MODULE-Z,5,1361.1,,
ORD001148,ADAPTER-USB-C,5,1557.25,,
ORD001149,PANEL-40W,10,2697.0,,
ORD001150,ADAPTER-USB-C,7,2061.78,,
ORD001151,GADGET-X,9,1179.27,,
ORD001152,PANEL-40W,6,1668.48,CHARGE_PAYMENT,
ORD001153,GIZMO-PRO,9,2328.48,,
ORD001154,BATTERY-AA,5,585.5,,
ORD001155,ADAPTER-USB-C,1,153.74,,
ORD001156,GADGET-X,5,462.55,,
ORD001157,BATTERY-AA,8,2402.16,,
ORD001158,GADGET-X,10,1624.4,,
ORD001159,MODULE-Z,4,377.08,,
ORD001160,CABLE-2M,3,161.55,,
ORD001161,SENSOR-T1,7,1120.21,,
ORD001162,SENSOR-T1,6,673.92,,
ORD001163,WIDGET-B,5,1611.85,,
ORD001164,GADGET-X,7,2595.88,,
ORD001165,WIDGET-B,8,2716.48,,
ORD001166,ADAPTER-USB-C,7,588.28,,
ORD001167,WIDGET-A,6,1411.86,,
ORD001168,MODULE-Z,1,388.25,,
ORD001169,CABLE-2M,1,204.3,,
ORD001170,WIDGET-B,3,1125.9,,
ORD001171,PANEL-40W,3,531.3,,
ORD001172,ADAPTER-USB-C,4,493.04,,
ORD001173,MODULE-Z,6,857.52,CREATE_ORDER,
ORD001174,ADAPTER-USB-C,2,512.88,,
ORD001175,CABLE-2M,5,542.95,,
ORD001176,WIDGET-B,6,179.58,,
ORD001177,GADGET-X,2,740.66,,
ORD001178,BATTERY-AA,3,830.82,,
ORD001179,CABLE-2M,9,1911.33,,
ORD001180,MODULE-Z,5,152.65,,
ORD001181,CABLE-2M,4,1337.04,,
ORD001182,CABLE-2M,9,2025.54,,
ORD001183,WIDGET-B,8,3003.76,,
ORD001184,CABLE-2M,9,641.97,,
ORD001185,GADGET-X,8,476.72,,
ORD001186,ADAPTER-USB-C,8,3195.84,,
ORD001187,WIDGET-A,5,1183.3,,
ORD001188,CABLE-2M,8,1140.8,,
ORD001189,MODULE-Z,9,2750.4,,
ORD001190,ADAPTER-USB-C,1,158.98,,
ORD001191,CABLE-2M,5,1134.1,,
ORD001192,BATTERY-AA,2,479.3,,
ORD001193,CABLE-2M,2,536.08,,
ORD001194,GIZMO-PRO,8,1648.0,,
ORD001195,WIDGET-A,4,1206.44,,
ORD001196,ADAPTER-USB-C,10,1457.4,,
ORD001197,BATTERY-AA,7,1152.41,,
ORD001198,ADAPTER-USB-C,1,282.06,,
ORD001199,BATTERY-AA,3,1041.66,,
ORD001200,ADAPTER-USB-C,2,709.54,CREATE_SHIPMENT,
ORD001201,WIDGET-A,7,2523.43,,
ORD001202,ADAPTER-USB-C,9,3451.5,,
ORD001203,CABLE-2M,3,599.82,,
ORD001204,BATTERY-AA,3,584.37,,
ORD001205,SENSOR-T1,8,726.48,,
ORD001206,WIDGET-A,1,273.22,,
ORD001207,CABLE-2M,8,595.6,,
ORD001208,BATTERY-AA,8,3089.84,,
ORD001209,SENSOR-T1,2,255.36,,
ORD001210,PANEL-40W,1,64.46,,
ORD001211,GADGET-X,1,323.14,,
ORD001212,WIDGET-B,6,1781.94,,
ORD001213,WIDGET-A,7,1239.42,,
ORD001214,GIZMO-PRO,5,255.3,,
ORD001215,CABLE-2M,4,673.36,,
ORD001216,GADGET-X,6,2350.98,,
ORD001217,GADGET-X,7,2092.37,,
ORD001218,SENSOR-T1,3,146.94,,
ORD001219,SENSOR-T1,2,470.2,,
ORD001220,PANEL-40W,8,1688.4,,
ORD001221,ADAPTER-USB-C,7,1326.5,,
ORD001222,MODULE-Z,10,1865.3,,
ORD001223,ADAPTER-USB-C,8,2830.0,,
ORD001224,WIDGET-A,5,1242.4,,
ORD001225,BATTERY-AA,9,2777.4,,
ORD001226,ADAPTER-USB-C,4,1375.72,,
ORD001227,SENSOR-T1,9,462.33,,
ORD001228,GADGET-X,2,532.54,,
ORD001229,WIDGET-A,5,1006.9,,
ORD001230,WIDGET-A,6,1148.64,CREATE_ORDER,
ORD001231,PANEL-40W,10,2253.3,,
ORD001232,ADAPTER-USB-C,9,1680.93,,
ORD001233,GADGET-X,4,925.24,,
ORD001234,SENSOR-T1,6,1213.32,,
ORD001235,SENSOR-T1,4,1002.96,,
ORD001236,GIZMO-PRO,10,2122.0,,
ORD001237,BATTERY-AA,10,3665.7,,
ORD001238,MODULE-Z,6,129.9,,
ORD001239,GADGET-X,3,1167.48,,
ORD001240,CABLE-2M,9,2938.14,,
ORD001241,MODULE-Z,6,850.68,CREATE_ORDER,
ORD001242,MODULE-Z,5,1195.2,,
ORD001243,SENSOR-T1,7,1624.98,,
ORD001244,WIDGET-B,5,999.3,,
ORD001245,WIDGET-A,6,337.62,,
ORD001246,WIDGET-B,2,393.56,,
ORD001247,BATTERY-AA,6,328.14,,
ORD001248,BATTERY-AA,2,634.68,,
ORD001249,PANEL-40W,3,740.67,,
ORD001250,CABLE-2M,7,1202.74,,
ORD001251,PANEL-40W,1,172.01,,
ORD001252,WIDGET-B,2,400.0,,
ORD001253,GIZMO-PRO,10,2387.1,,
ORD001254,GADGET-X,6,1915.8,,
ORD001255,MODULE-Z,1,248.33,,
ORD001256,WIDGET-B,2,361.76,,
ORD001257,PANEL-40W,10,1874.9,,
ORD001258,GADGET-X,1,298.74,,
ORD001259,MODULE-Z,3,513.9,,
ORD001260,PANEL-40W,4,831.12,,
ORD001261,CABLE-2M,1,202.94,,
ORD001262,GADGET-X,3,515.64,,
ORD001263,WIDGET-A,2,529.46,,
ORD001264,CABLE-2M,2,524.18,,
ORD001265,PANEL-40W,3,611.01,,
ORD001266,SENSOR-T1,3,714.33,RESERVE_INVENTORY,
ORD001267,WIDGET-A,9,2555.28,,
ORD001268,GIZMO-PRO,5,1393.85,,
ORD001269,BATTERY-AA,5,1150.85,,
ORD001270,GIZMO-PRO,8,417.2,CREATE_SHIPMENT,CANCEL_ORDER
ORD001271,SENSOR-T1,3,574.74,,
ORD001272,PANEL-40W,1,180.92,,
ORD001273,GADGET-X,5,1561.7,,
ORD001274,ADAPTER-USB-C,1,21.88,,
ORD001275,MODULE-Z,4,1194.4,,
ORD001276,GIZMO-PRO,8,3190.48,,
ORD001277,MODULE-Z,2,307.52,,
ORD001278,MODULE-Z,3,987.57,,
ORD001279,SENSOR-T1,1,115.66,,
ORD001280,WIDGET-A,10,2191.9,,
ORD001281,MODULE-Z,8,2412.08,,
ORD001282,PANEL-40W,9,1741.05,,
ORD001283,BATTERY-AA,5,550.85,CHARGE_PAYMENT,
ORD001284,MODULE-Z,8,166.16,,
ORD001285,PANEL-40W,7,1464.75,,
ORD001286,MODULE-Z,2,747.7,,
ORD001287,MODULE-Z,2,451.26,,
ORD001288,PANEL-40W,3,636.15,,
ORD001289,CABLE-2M,5,1645.0,,
ORD001290,WIDGET-B,4,136.56,,
ORD001291,PANEL-40W,4,983.08,,
ORD001292,GADGET-X,4,972.08,,
ORD001293,WIDGET-B,2,774.02,,
ORD001294,PANEL-40W,1,306.17,,
ORD001295,SENSOR-T1,5,1820.25,,
ORD001296,BATTERY-AA,2,680.6,,
ORD001297,SENSOR-T1,9,2661.21,,
ORD001298,WIDGET-B,3,385.83,,
ORD001299,PANEL-40W,6,963.12,CREATE_SHIPMENT,
ORD001300,GIZMO-PRO,2,698.54,CHARGE_PAYMENT,
ORD001301,BATTERY-AA,2,57.98,,
ORD001302,PANEL-40W,6,457.62,,
ORD001303,BATTERY-AA,1,212.91,,
ORD001304,GADGET-X,9,824.67,,
ORD001305,GIZMO-PRO,10,1321.0,,
ORD001306,PANEL-40W,4,201.24,,
ORD001307,WIDGET-B,2,86.74,,
ORD001308,MODULE-Z,10,846.8,CREATE_ORDER,
ORD001309,PANEL-40W,3,646.65,,
ORD001310,GIZMO-PRO,10,3442.4,,
ORD001311,GADGET-X,3,320.7,,
ORD001312,BATTERY-AA,4,102.76,,
ORD001313,WIDGET-A,7,2502.71,,
ORD001314,SENSOR-T1,4,870.64,CREATE_ORDER,
ORD001315,CABLE-2M,3,147.12,,
ORD001316,WIDGET-A,5,1809.7,,
ORD001317,ADAPTER-USB-C,7,1031.73,,
ORD001318,GIZMO-PRO,4,1201.24,,
ORD001319,GIZMO-PRO,1,93.04,,
ORD001320,ADAPTER-USB-C,10,3291.8,,
ORD001321,PANEL-40W,5,1677.1,,
ORD001322,SENSOR-T1,2,588.06,,
ORD001323,WIDGET-B,5,152.05,CHARGE_PAYMENT,
ORD001324,WIDGET-A,4,442.04,,
ORD001325,GADGET-X,3,842.52,,
ORD001326,GADGET-X,1,91.36,,
ORD001327,BATTERY-AA,7,2358.37,,
ORD001328,WIDGET-B,1,41.5,,
ORD001329,GADGET-X,7,1008.84,,
ORD001330,PANEL-40W,3,76.02,,
ORD001331,CABLE-2M,6,255.54,,
ORD001332,MODULE-Z,2,268.5,,
ORD001333,GIZMO-PRO,2,795.88,,
ORD001334,MODULE-Z,2,782.86,,
ORD001335,GIZMO-PRO,9,346.5,,
ORD001336,ADAPTER-USB-C,5,1739.3,,
ORD001337,BATTERY-AA,4,139.72,CREATE_ORDER,RELEASE_INVENTORY
ORD001338,SENSOR-T1,1,397.66,,
ORD001339,MODULE-Z,9,1884.42,,
ORD001340,WIDGET-A,7,1769.81,,
ORD001341,MODULE-Z,6,1787.16,,
ORD001342,WIDGET-A,7,2314.97,,
ORD001343,WIDGET-A,5,1553.7,,
ORD001344,WIDGET-B,7,1276.31,,
ORD001345,GADGET-X,9,1469.16,,
ORD001346,CABLE-2M,8,3173.6,,
ORD001347,BATTERY-AA,2,644.66,,
ORD001348,GADGET-X,6,1977.96,,
ORD001349,GADGET-X,8,2842.48,,
ORD001350,MODULE-Z,8,2563.04,,
ORD001351,PANEL-40W,10,1671.6,,
ORD001352,MODULE-Z,4,1517.0,RESERVE_INVENTORY,
ORD001353,GIZMO-PRO,3,83.88,,
ORD001354,SENSOR-T1,6,1425.06,,
ORD001355,WIDGET-B,2,589.28,,
ORD001356,ADAPTER-USB-C,6,1560.0,,
ORD001357,GIZMO-PRO,3,525.24,,
ORD001358,ADAPTER-USB-C,10,3967.3,,
ORD001359,MODULE-Z,7,2100.84,,
ORD001360,CABLE-2M,1,205.88,,
ORD001361,GADGET-X,6,337.2,,
ORD001362,WIDGET-A,9,884.34,,
ORD001363,WIDGET-B,3,550.14,,
ORD001364,WIDGET-A,2,563.0,,
ORD001365,ADAPTER-USB-C,3,637.11,,
ORD001366,PANEL-40W,1,289.91,,
ORD001367,MODULE-Z,6,312.9,,
ORD001368,BATTERY-AA,2,252.06,CHARGE_PAYMENT,
ORD001369,GIZMO-PRO,6,1767.54,,
ORD001370,GIZMO-PRO,6,497.16,,
ORD001371,ADAPTER-USB-C,1,167.7,,
ORD001372,SENSOR-T1,4,920.6,,
ORD001373,WIDGET-B,2,96.42,,
ORD001374,ADAPTER-USB-C,5,1220.4,,
ORD001375,SENSOR-T1,10,1647.9,,
ORD001376,PANEL-40W,6,1556.34,,
ORD001377,WIDGET-B,6,263.76,,
ORD001378,MODULE-Z,5,1831.1,RESERVE_INVENTORY,
ORD001379,GADGET-X,6,480.6,,
ORD001380,GADGET-X,6,455.94,,
ORD001381,GIZMO-PRO,6,1486.44,,
ORD001382,WIDGET-A,6,197.04,,
ORD001383,SENSOR-T1,9,3597.75,,
ORD001384,WIDGET-B,8,1793.04,,
ORD001385,SENSOR-T1,5,1697.45,,
ORD001386,MODULE-Z,2,414.4,,
ORD001387,ADAPTER-USB-C,10,2741.5,,
ORD001388,GIZMO-PRO,9,318.06,,
ORD001389,WIDGET-A,2,386.8,CREATE_SHIPMENT,REFUND_PAYMENT
ORD001390,WIDGET-B,1,66.19,,
ORD001391,GADGET-X,9,869.85,,
ORD001392,WIDGET-A,3,574.83,,
ORD001393,BATTERY-AA,6,304.8,,
ORD001394,MODULE-Z,1,388.86,,
ORD001395,WIDGET-A,7,2144.87,,
ORD001396,ADAPTER-USB-C,10,342.5,,
ORD001397,SENSOR-T1,8,1607.6,,
ORD001398,GIZMO-PRO,1,187.82,,
ORD001399,WIDGET-B,2,49.44,,
ORD001400,SENSOR-T1,4,410.72,,
ORD001401,WIDGET-A,2,645.02,,
ORD001402,BATTERY-AA,7,2775.57,,
ORD001403,BATTERY-AA,8,2408.16,,
ORD001404,BATTERY-AA,2,688.64,,
ORD001405,GADGET-X,1,377.96,,
ORD001406,GIZMO-PRO,4,362.36,,
ORD001407,MODULE-Z,3,886.2,,
ORD001408,MODULE-Z,10,3830.8,,
ORD001409,GIZMO-PRO,8,2693.52,,
ORD001410,WIDGET-B,7,2004.31,,
ORD001411,WIDGET-B,8,2119.28,,
ORD001412,WIDGET-B,6,1527.48,,
ORD001413,WIDGET-A,1,130.41,,
ORD001414,WIDGET-A,6,1029.66,,
ORD001415,WIDGET-B,9,3049.74,,
ORD001416,MODULE-Z,1,195.54,CREATE_ORDER,
ORD001417,WIDGET-A,6,171.0,,
ORD001418,CABLE-2M,10,3416.5,,
ORD001419,GIZMO-PRO,10,1557.7,,
ORD001420,WIDGET-B,2,397.0,,
ORD001421,ADAPTER-USB-C,5,1155.1,,
ORD001422,CABLE-2M,9,1800.99,CREATE_SHIPMENT,
ORD001423,GADGET-X,1,123.19,,
ORD001424,CABLE-2M,10,3541.4,,
ORD001425,MODULE-Z,3,909.33,,
ORD001426,PANEL-40W,9,3277.8,,
ORD001427,GADGET-X,10,987.8,,
ORD001428,PANEL-40W,4,1275.44,CREATE_SHIPMENT,
ORD001429,SENSOR-T1,4,1385.64,,
ORD001430,GADGET-X,8,1291.28,,
ORD001431,CABLE-2M,1,191.35,,
ORD001432,MODULE-Z,9,489.51,,
ORD001433,BATTERY-AA,7,2360.68,,
ORD001434,BATTERY-AA,5,1226.25,CREATE_SHIPMENT,
ORD001435,PANEL-40W,3,587.79,,
ORD001436,PANEL-40W,6,1277.22,,
ORD001437,ADAPTER-USB-C,4,1151.72,,
ORD001438,WIDGET-A,5,100.75,,
ORD001439,BATTERY-AA,10,284.7,,
ORD001440,MODULE-Z,9,2146.23,,
ORD001441,PANEL-40W,8,3016.88,,
ORD001442,MODULE-Z,9,2744.19,,
ORD001443,SENSOR-T1,4,601.76,,
ORD001444,WIDGET-A,10,3302.0,,
ORD001445,BATTERY-AA,5,1832.15,CHARGE_PAYMENT,
ORD001446,BATTERY-AA,4,1571.8,,
ORD001447,BATTERY-AA,6,1467.72,,
ORD001448,GADGET-X,8,1254.88,,
ORD001449,CABLE-2M,7,1985.48,,
ORD001450,CABLE-2M,5,1791.9,,
ORD001451,CABLE-2M,2,583.38,,
ORD001452,WIDGET-B,9,1922.4,,
ORD001453,WIDGET-B,3,688.56,,
ORD001454,GADGET-X,5,962.4,,
ORD001455,MODULE-Z,1,265.67,,
ORD001456,CABLE-2M,7,1278.34,,
ORD001457,GIZMO-PRO,1,306.21,,
ORD001458,WIDGET-B,9,945.9,,
ORD001459,PANEL-40W,8,1213.6,,
ORD001460,PANEL-40W,9,1088.46,,
ORD001461,GADGET-X,10,1997.4,,
ORD001462,CABLE-2M,10,3344.3,,
ORD001463,SENSOR-T1,2,410.12,CREATE_ORDER,
ORD001464,GIZMO-PRO,10,1299.3,,
ORD001465,ADAPTER-USB-C,9,3500.19,,
ORD001466,SENSOR-T1,9,1418.76,,
ORD001467,GADGET-X,8,980.8,CHARGE_PAYMENT,
ORD001468,PANEL-40W,2,81.82,,
ORD001469,GIZMO-PRO,8,2092.32,,
ORD001470,GIZMO-PRO,8,3158.88,,
ORD001471,WIDGET-A,6,711.72,,
ORD001472,BATTERY-AA,7,681.24,CREATE_SHIPMENT,RELEASE_INVENTORY
ORD001473,BATTERY-AA,2,478.4,,
ORD001474,WIDGET-B,8,481.68,,
ORD001475,WIDGET-B,7,947.87,,
ORD001476,CABLE-2M,3,300.36,,
ORD001477,SENSOR-T1,9,383.31,,
ORD001478,WIDGET-B,7,689.15,,
ORD001479,PANEL-40W,8,2756.72,,
ORD001480,WIDGET-B,8,248.0,,
ORD001481,PANEL-40W,8,1663.12,,
ORD001482,WIDGET-B,9,1509.3,,
ORD001483,WIDGET-A,8,2483.52,,
ORD001484,GADGET-X,7,478.8,,
ORD001485,WIDGET-B,6,2170.8,,
ORD001486,GIZMO-PRO,4,1260.92,CREATE_SHIPMENT,
ORD001487,BATTERY-AA,7,1267.42,,
ORD001488,GIZMO-PRO,5,728.2,,
ORD001489,MODULE-Z,7,850.92,,
ORD001490,BATTERY-AA,5,714.4,,
ORD001491,WIDGET-A,10,343.0,,
ORD001492,PANEL-40W,3,496.41,,
ORD001493,SENSOR-T1,6,159.36,,
ORD001494,GIZMO-PRO,6,1802.22,,
ORD001495,MODULE-Z,10,3555.9,,
ORD001496,GIZMO-PRO,10,2992.9,,
ORD001497,SENSOR-T1,9,3263.85,,
ORD001498,PANEL-40W,4,800.28,,
ORD001499,WIDGET-A,6,746.52,,
ORD001500,GADGET-X,3,748.89,CREATE_ORDER,
ORD001501,PANEL-40W,4,916.4,,
ORD001502,CABLE-2M,5,1176.6,,
ORD001503,PANEL-40W,8,2732.72,,
ORD001504,BATTERY-AA,9,1211.76,,
ORD001505,WIDGET-B,3,653.55,,
ORD001506,PANEL-40W,7,893.83,,
ORD001507,ADAPTER-USB-C,4,474.76,,
ORD001508,BATTERY-AA,9,1329.93,,
ORD001509,WIDGET-A,10,2819.3,,
ORD001510,ADAPTER-USB-C,8,213.12,,
ORD001511,SENSOR-T1,2,239.96,,
ORD001512,CABLE-2M,2,490.46,,
ORD001513,SENSOR-T1,9,2788.56,,
ORD001514,WIDGET-A,5,1013.25,,
ORD001515,GIZMO-PRO,1,328.4,,
ORD001516,GIZMO-PRO,5,1588.55,,
ORD001517,BATTERY-AA,9,591.84,,
ORD001518,MODULE-Z,4,1366.2,,
ORD001519,PANEL-40W,2,471.02,,
ORD001520,ADAPTER-USB-C,10,3485.1,,
ORD001521,CABLE-2M,2,348.48,,
ORD001522,PANEL-40W,9,2273.58,,
ORD001523,CABLE-2M,9,2799.36,CREATE_ORDER,
ORD001524,WIDGET-A,3,999.18,,
ORD001525,WIDGET-B,6,461.4,,
ORD001526,CABLE-2M,3,702.75,,
ORD001527,CABLE-2M,1,357.11,,
ORD001528,MODULE-Z,9,1842.39,,
ORD001529,WIDGET-A,10,3571.6,,
ORD001530,WIDGET-A,10,3764.5,,
ORD001531,WIDGET-B,3,697.2,,
ORD001532,GIZMO-PRO,2,646.54,,
ORD001533,MODULE-Z,7,2496.27,,
ORD001534,PANEL-40W,6,1272.0,,
ORD001535,MODULE-Z,8,701.52,,
ORD001536,ADAPTER-USB-C,10,667.0,,
ORD001537,MODULE-Z,9,2271.78,RESERVE_INVENTORY,
ORD001538,GADGET-X,6,1631.46,,
ORD001539,ADAPTER-USB-C,8,823.76,,
ORD001540,PANEL-40W,7,2126.53,,
ORD001541,CABLE-2M,9,2060.46,,
ORD001542,BATTERY-AA,7,2462.46,,
ORD001543,CABLE-2M,7,848.4,,
ORD001544,PANEL-40W,4,705.52,,
ORD001545,CABLE-2M,1,355.19,CREATE_SHIPMENT,CANCEL_ORDER
ORD001546,MODULE-Z,6,680.22,,
ORD001547,MODULE-Z,1,276.87,,
ORD001548,BATTERY-AA,2,232.32,,
ORD001549,MODULE-Z,9,2861.37,,
ORD001550,SENSOR-T1,4,724.96,,
ORD001551,ADAPTER-USB-C,5,1644.65,,
ORD001552,MODULE-Z,7,2055.97,,
ORD001553,CABLE-2M,3,1197.66,,
ORD001554,PANEL-40W,5,1000.0,,
ORD001555,WIDGET-A,3,1047.0,,
ORD001556,BATTERY-AA,4,842.68,,
ORD001557,ADAPTER-USB-C,6,394.26,,
ORD001558,PANEL-40W,3,1096.59,,
ORD001559,WIDGET-A,6,2087.88,,
ORD001560,MODULE-Z,10,2855.2,,
ORD001561,SENSOR-T1,3,1080.54,,
ORD001562,WIDGET-A,2,562.28,,
ORD001563,GADGET-X,3,225.18,,
ORD001564,WIDGET-A,9,3362.4,,
ORD001565,PANEL-40W,4,842.72,,
ORD001566,BATTERY-AA,8,906.88,,
ORD001567,WIDGET-A,6,1143.3,,
ORD001568,CABLE-2M,4,149.04,,
ORD001569,CABLE-2M,4,695.76,,
ORD001570,MODULE-Z,1,355.33,,
ORD001571,GIZMO-PRO,2,664.98,,
ORD001572,MODULE-Z,10,339.2,,
ORD001573,SENSOR-T1,2,714.82,,
ORD001574,CABLE-2M,1,38.04,,
ORD001575,SENSOR-T1,1,314.47,,
ORD001576,WIDGET-A,3,336.15,,
ORD001577,PANEL-40W,6,1810.98,,
ORD001578,BATTERY-AA,1,101.16,,
ORD001579,MODULE-Z,5,1580.65,,
ORD001580,GADGET-X,7,1736.42,,
ORD001581,MODULE-Z,4,321.6,,
ORD001582,SENSOR-T1,9,1914.21,,
ORD001583,MODULE-Z,9,3423.33,,
ORD001584,BATTERY-AA,2,396.86,,
ORD001585,ADAPTER-USB-C,10,1407.1,,
ORD001586,BATTERY-AA,9,2060.37,,
ORD001587,GADGET-X,4,879.16,,
ORD001588,WIDGET-B,10,508.0,,
ORD001589,SENSOR-T1,6,1020.54,CHARGE_PAYMENT,
ORD001590,CABLE-2M,6,277.02,,
ORD001591,BATTERY-AA,6,650.82,,
ORD001592,MODULE-Z,6,1226.58,,
ORD001593,GIZMO-PRO,4,1034.96,,
ORD001594,GADGET-X,9,342.36,,
ORD001595,WIDGET-A,6,1398.78,,
ORD001596,WIDGET-A,3,105.51,,
ORD001597,WIDGET-A,7,1519.84,,
ORD001598,SENSOR-T1,3,323.37,,
ORD001599,GIZMO-PRO,5,1061.1,CREATE_ORDER,RELEASE_INVENTORY
ORD001600,GADGET-X,2,173.64,,
ORD001601,GADGET-X,4,1372.92,,
ORD001602,ADAPTER-USB-C,2,636.24,,
ORD001603,BATTERY-AA,10,356.4,,
ORD001604,PANEL-40W,7,944.09,,
ORD001605,BATTERY-AA,8,2809.84,,
ORD001606,PANEL-40W,7,2738.33,,
ORD001607,BATTERY-AA,4,375.0,,
ORD001608,WIDGET-B,7,1576.47,,
ORD001609,SENSOR-T1,3,311.07,,
ORD001610,GIZMO-PRO,2,668.3,,
ORD001611,MODULE-Z,7,1042.09,,
ORD001612,ADAPTER-USB-C,9,889.29,,
ORD001613,GADGET-X,3,339.0,,
ORD001614,GADGET-X,7,2627.17,,
ORD001615,GADGET-X,6,573.24,,
ORD001616,ADAPTER-USB-C,9,2270.61,,
ORD001617,CABLE-2M,2,394.44,,
ORD001618,WIDGET-A,3,103.89,,
ORD001619,SENSOR-T1,10,1395.5,,
ORD001620,BATTERY-AA,10,2364.6,,
ORD001621,GADGET-X,7,884.45,,
ORD001622,GADGET-X,2,321.84,,
ORD001623,CABLE-2M,9,859.5,,
ORD001624,WIDGET-B,4,126.68,,
ORD001625,BATTERY-AA,10,352.3,,
ORD001626,BATTERY-AA,3,181.56,CREATE_SHIPMENT,
ORD001627,WIDGET-A,1,44.29,,
ORD001628,SENSOR-T1,5,1388.15,,
ORD001629,GIZMO-PRO,2,104.18,,
ORD001630,PANEL-40W,6,795.84,,
ORD001631,ADAPTER-USB-C,4,149.72,,
ORD001632,GIZMO-PRO,6,1675.32,,
ORD001633,WIDGET-B,9,508.59,,
ORD001634,WIDGET-B,9,2592.54,,
ORD001635,MODULE-Z,8,558.96,,
ORD001636,PANEL-40W,3,1090.41,,
ORD001637,SENSOR-T1,8,3188.56,,
ORD001638,SENSOR-T1,8,2507.36,,
ORD001639,ADAPTER-USB-C,10,332.7,,
ORD001640,GADGET-X,1,136.83,,
ORD001641,WIDGET-A,5,1675.65,,
ORD001642,CABLE-2M,3,1186.35,,
ORD001643,CABLE-2M,3,180.27,,
ORD001644,ADAPTER-USB-C,4,872.04,,
ORD001645,BATTERY-AA,10,263.0,,
ORD001646,WIDGET-B,9,3575.61,,
ORD001647,WIDGET-B,4,1077.8,,
ORD001648,GIZMO-PRO,1,397.13,,
ORD001649,GIZMO-PRO,5,1890.4,,
ORD001650,BATTERY-AA,3,187.62,,
ORD001651,WIDGET-A,10,998.4,,
ORD001652,WIDGET-B,5,490.3,,
ORD001653,BATTERY-AA,3,1187.58,,
ORD001654,WIDGET-A,9,2105.73,CHARGE_PAYMENT,
ORD001655,WIDGET-B,8,3100.72,,
ORD001656,GADGET-X,5,894.85,,
ORD001657,ADAPTER-USB-C,8,1231.84,,
ORD001658,WIDGET-A,4,1277.08,,
ORD001659,SENSOR-T1,5,1711.3,,
ORD001660,BATTERY-AA,4,185.4,,
ORD001661,WIDGET-A,1,91.15,,
ORD001662,MODULE-Z,8,3082.64,,
ORD001663,PANEL-40W,4,1105.8,,
ORD001664,SENSOR-T1,8,2309.76,CREATE_ORDER,
ORD001665,WIDGET-A,2,662.24,,
ORD001666,SENSOR-T1,1,326.15,,
ORD001667,PANEL-40W,6,1379.34,,
ORD001668,WIDGET-A,10,2877.7,,
ORD001669,ADAPTER-USB-C,3,795.3,,
ORD001670,GADGET-X,6,1725.06,,
ORD001671,WIDGET-B,2,592.84,,
ORD001672,MODULE-Z,4,756.76,,
ORD001673,WIDGET-A,3,133.86,,
ORD001674,WIDGET-B,5,1650.1,,
ORD001675,GIZMO-PRO,3,246.93,,
ORD001676,BATTERY-AA,2,279.58,,
ORD001677,GIZMO-PRO,8,2600.16,,
ORD001678,ADAPTER-USB-C,2,717.16,RESERVE_INVENTORY,
ORD001679,GADGET-X,6,2101.26,,
ORD001680,GIZMO-PRO,8,350.96,,
ORD001681,MODULE-Z,6,1711.5,,
ORD001682,CABLE-2M,5,1818.75,,
ORD001683,GADGET-X,4,729.76,,
ORD001684,GADGET-X,10,2847.7,,
ORD001685,ADAPTER-USB-C,5,516.85,,
ORD001686,PANEL-40W,8,2885.44,,
ORD001687,PANEL-40W,5,176.45,,
ORD001688,MODULE-Z,7,2128.35,,
ORD001689,GIZMO-PRO,3,970.23,,
ORD001690,WIDGET-A,7,815.08,,
ORD001691,ADAPTER-USB-C,7,1597.75,,
ORD001692,WIDGET-B,3,436.35,,
ORD001693,WIDGET-A,1,308.58,,
ORD001694,MODULE-Z,7,403.97,,
ORD001695,GIZMO-PRO,7,2743.37,,
ORD001696,WIDGET-A,1,371.77,,
ORD001697,ADAPTER-USB-C,9,3423.87,,
ORD001698,GADGET-X,3,358.83,,
ORD001699,ADAPTER-USB-C,3,891.33,,
ORD001700,ADAPTER-USB-C,5,179.8,,
ORD001701,SENSOR-T1,9,558.27,CREATE_ORDER,
ORD001702,ADAPTER-USB-C,2,139.44,,
ORD001703,WIDGET-A,7,2226.42,CHARGE_PAYMENT,
ORD001704,MODULE-Z,8,520.16,,
ORD001705,SENSOR-T1,2,795.0,,
ORD001706,ADAPTER-USB-C,4,716.8,,
ORD001707,GADGET-X,1,225.61,,
ORD001708,CABLE-2M,10,1547.9,,
ORD001709,ADAPTER-USB-C,8,1038.72,,
ORD001710,CABLE-2M,5,1622.15,,
ORD001711,GIZMO-PRO,10,2021.1,,
ORD001712,ADAPTER-USB-C,4,483.44,,
ORD001713,BATTERY-AA,5,1101.85,,
ORD001714,CABLE-2M,2,127.74,,
ORD001715,BATTERY-AA,2,732.36,,
ORD001716,ADAPTER-USB-C,5,660.35,,
ORD001717,WIDGET-B,3,492.81,CREATE_ORDER,
ORD001718,GADGET-X,6,2027.4,,
ORD001719,BATTERY-AA,2,377.08,,
ORD001720,ADAPTER-USB-C,3,1138.47,,
ORD001721,MODULE-Z,3,674.13,,
ORD001722,CABLE-2M,2,319.44,,
ORD001723,WIDGET-B,10,2673.0,,
ORD001724,WIDGET-A,6,1210.86,,
ORD001725,MODULE-Z,4,849.28,,
ORD001726,BATTERY-AA,10,403.7,,
ORD001727,GIZMO-PRO,4,558.68,,
ORD001728,SENSOR-T1,6,817.44,,
ORD001729,PANEL-40W,1,161.86,,
ORD001730,ADAPTER-USB-C,5,1736.9,,
ORD001731,WIDGET-A,7,287.98,CREATE_ORDER,
ORD001732,MODULE-Z,2,176.36,,
ORD001733,PANEL-40W,9,611.55,,
ORD001734,BATTERY-AA,3,459.93,,
ORD001735,PANEL-40W,8,1930.24,,
ORD001736,GIZMO-PRO,3,904.47,,
ORD001737,GIZMO-PRO,6,801.0,,
ORD001738,WIDGET-A,2,139.84,CREATE_ORDER,
ORD001739,GIZMO-PRO,8,264.16,,
ORD001740,SENSOR-T1,2,163.72,,
ORD001741,WIDGET-B,5,1152.6,,
ORD001742,WIDGET-A,4,618.4,,
ORD001743,WIDGET-B,9,755.46,,
ORD001744,WIDGET-B,10,2259.8,,
ORD001745,MODULE-Z,4,612.6,,
ORD001746,GIZMO-PRO,5,712.95,,
ORD001747,ADAPTER-USB-C,5,803.75,,
ORD001748,ADAPTER-USB-C,10,388.6,,
ORD001749,BATTERY-AA,3,1104.54,,
ORD001750,WIDGET-A,1,201.44,,
ORD001751,MODULE-Z,6,429.24,,
ORD001752,CABLE-2M,9,394.11,,
ORD001753,SENSOR-T1,4,657.96,CREATE_SHIPMENT,
ORD001754,SENSOR-T1,4,1579.6,,
ORD001755,WIDGET-B,8,1743.28,,
ORD001756,BATTERY-AA,1,244.72,,
ORD001757,ADAPTER-USB-C,1,311.22,,
ORD001758,GADGET-X,1,122.75,,
ORD001759,CABLE-2M,6,1685.1,,
ORD001760,BATTERY-AA,4,910.96,,
ORD001761,GADGET-X,1,198.81,,
ORD001762,WIDGET-B,8,1869.6,,
ORD001763,WIDGET-B,7,1835.47,,
ORD001764,ADAPTER-USB-C,8,614.4,RESERVE_INVENTORY,
ORD001765,BATTERY-AA,4,741.04,,
ORD001766,WIDGET-A,9,2604.78,,
ORD001767,WIDGET-A,1,65.86,,
ORD001768,BATTERY-AA,5,246.65,,
ORD001769,GIZMO-PRO,8,546.4,,
ORD001770,ADAPTER-USB-C,8,965.36,,
ORD001771,PANEL-40W,2,746.82,,
ORD001772,WIDGET-B,5,512.65,,
ORD001773,PANEL-40W,1,399.68,,
ORD001774,GIZMO-PRO,3,1077.39,CREATE_SHIPMENT,
ORD001775,ADAPTER-USB-C,7,942.06,,
ORD001776,CABLE-2M,6,315.6,,
ORD001777,MODULE-Z,8,689.28,,
ORD001778,GADGET-X,10,2617.3,RESERVE_INVENTORY,
ORD001779,WIDGET-A,4,1447.4,,
ORD001780,GIZMO-PRO,3,438.69,CREATE_SHIPMENT,
ORD001781,BATTERY-AA,8,1743.44,,
ORD001782,SENSOR-T1,9,3552.12,,
ORD001783,GIZMO-PRO,6,2060.58,RESERVE_INVENTORY,
ORD001784,GIZMO-PRO,7,2285.5,,
ORD001785,SENSOR-T1,2,246.84,,
ORD001786,WIDGET-A,4,896.92,,
ORD001787,SENSOR-T1,10,1923.5,,
ORD001788,GIZMO-PRO,4,1128.64,CHARGE_PAYMENT,RELEASE_INVENTORY
ORD001789,SENSOR-T1,8,2110.16,,
ORD001790,GIZMO-PRO,8,692.56,,
ORD001791,WIDGET-B,5,1199.75,,
ORD001792,BATTERY-AA,7,1596.56,,
ORD001793,SENSOR-T1,9,880.2,,
ORD001794,WIDGET-B,9,3032.91,,
ORD001795,WIDGET-A,1,302.32,,
ORD001796,ADAPTER-USB-C,7,1808.03,,
ORD001797,ADAPTER-USB-C,7,503.86,,
ORD001798,ADAPTER-USB-C,4,1147.6,,
ORD001799,BATTERY-AA,2,202.52,,
ORD001800,SENSOR-T1,1,393.95,RESERVE_INVENTORY,
ORD001801,SENSOR-T1,6,823.08,,
ORD001802,BATTERY-AA,10,2316.0,,
ORD001803,PANEL-40W,6,501.66,,
ORD001804,BATTERY-AA,6,1982.58,,
ORD001805,GADGET-X,5,1762.75,,
ORD001806,GIZMO-PRO,3,987.36,,
ORD001807,WIDGET-B,3,1003.14,,
ORD001808,MODULE-Z,8,2558.56,,
ORD001809,CABLE-2M,6,1060.98,,
ORD001810,WIDGET-B,6,1060.26,,
ORD001811,GIZMO-PRO,10,693.9,,
ORD001812,PANEL-40W,10,3980.9,,
ORD001813,SENSOR-T1,7,1248.94,,
ORD001814,ADAPTER-USB-C,9,729.0,,
ORD001815,CABLE-2M,10,3860.8,,
ORD001816,WIDGET-B,2,79.58,CREATE_SHIPMENT,
ORD001817,MODULE-Z,5,1226.95,,
ORD001818,GIZMO-PRO,10,1069.6,,
ORD001819,SENSOR-T1,8,2840.56,,
ORD001820,WIDGET-A,8,633.92,,
ORD001821,BATTERY-AA,1,282.2,,
ORD001822,CABLE-2M,2,86.34,,
ORD001823,ADAPTER-USB-C,5,1527.15,,
ORD001824,PANEL-40W,8,2930.72,,
ORD001825,CABLE-2M,2,531.58,,
ORD001826,WIDGET-B,2,713.2,,
ORD001827,GADGET-X,4,818.08,,
ORD001828,GADGET-X,8,1187.92,,
ORD001829,CABLE-2M,3,497.76,,
ORD001830,BATTERY-AA,6,1558.2,,
ORD001831,PANEL-40W,7,1515.71,,
ORD001832,MODULE-Z,1,305.86,,
ORD001833,CABLE-2M,8,2646.0,,
ORD001834,CABLE-2M,10,2752.7,,
ORD001835,GADGET-X,9,1777.95,,
ORD001836,SENSOR-T1,10,3776.8,,
ORD001837,BATTERY-AA,9,1550.34,,
ORD001838,MODULE-Z,4,177.92,,
ORD001839,WIDGET-B,10,1614.3,,
ORD001840,SENSOR-T1,9,3297.33,RESERVE_INVENTORY,
ORD001841,WIDGET-A,8,2571.04,,
ORD001842,GADGET-X,7,2777.88,CREATE_SHIPMENT,
ORD001843,BATTERY-AA,1,35.54,,
ORD001844,BATTERY-AA,8,1206.96,,
ORD001845,WIDGET-A,7,1743.0,,
ORD001846,SENSOR-T1,3,296.43,,
ORD001847,WIDGET-A,6,1931.4,,
ORD001848,SENSOR-T1,2,753.46,,
ORD001849,GIZMO-PRO,5,457.55,,
ORD001850,CABLE-2M,4,261.12,,
ORD001851,SENSOR-T1,2,394.6,,
ORD001852,WIDGET-B,7,2145.92,,
ORD001853,WIDGET-B,3,916.83,,
ORD001854,PANEL-40W,5,353.25,,
ORD001855,ADAPTER-USB-C,1,105.02,CREATE_SHIPMENT,
ORD001856,BATTERY-AA,4,1082.84,,
ORD001857,GIZMO-PRO,4,700.08,,
ORD001858,SENSOR-T1,8,313.92,,
ORD001859,MODULE-Z,4,1301.56,,
ORD001860,PANEL-40W,9,3057.66,,
ORD001861,PANEL-40W,10,1409.0,,
ORD001862,GADGET-X,7,1213.66,,
ORD001863,WIDGET-A,1,91.52,,
ORD001864,SENSOR-T1,10,2489.8,,
ORD001865,BATTERY-AA,1,126.68,RESERVE_INVENTORY,
ORD001866,ADAPTER-USB-C,4,1235.6,,
ORD001867,WIDGET-A,3,685.71,,
ORD001868,SENSOR-T1,5,1371.55,,
ORD001869,PANEL-40W,8,3034.32,,
ORD001870,GIZMO-PRO,3,1055.19,,
ORD001871,CABLE-2M,8,2244.96,,
ORD001872,PANEL-40W,10,1067.2,,
ORD001873,SENSOR-T1,2,723.3,,
ORD001874,PANEL-40W,3,76.95,,
ORD001875,WIDGET-A,4,952.64,,
ORD001876,WIDGET-A,10,3458.5,,
ORD001877,PANEL-40W,5,1789.55,,
ORD001878,CABLE-2M,1,93.16,,
ORD001879,CABLE-2M,2,450.88,,
ORD001880,GADGET-X,9,193.14,,
ORD001881,ADAPTER-USB-C,8,2105.84,,
ORD001882,WIDGET-A,1,357.09,,
ORD001883,PANEL-40W,9,2713.95,,
ORD001884,GIZMO-PRO,3,645.06,,
ORD001885,ADAPTER-USB-C,4,865.32,,
ORD001886,MODULE-Z,5,840.2,,
ORD001887,ADAPTER-USB-C,2,496.46,,
ORD001888,WIDGET-A,8,888.8,,
ORD001889,WIDGET-A,6,878.7,,
ORD001890,MODULE-Z,4,223.92,,
ORD001891,MODULE-Z,1,196.85,,
ORD001892,CABLE-2M,10,3031.5,,
ORD001893,MODULE-Z,10,3631.6,,
ORD001894,MODULE-Z,3,279.18,,
ORD001895,GADGET-X,2,713.84,,
ORD001896,CABLE-2M,7,1535.94,,
ORD001897,WIDGET-B,8,1272.96,,
ORD001898,CABLE-2M,8,2833.04,,
ORD001899,BATTERY-AA,1,391.03,CHARGE_PAYMENT,
ORD001900,MODULE-Z,3,975.69,,
ORD001901,PANEL-40W,2,493.6,,
ORD001902,BATTERY-AA,3,686.91,,
ORD001903,MODULE-Z,9,3494.7,,
ORD001904,ADAPTER-USB-C,1,54.09,,
ORD001905,WIDGET-A,9,1792.62,,
ORD001906,CABLE-2M,4,1127.32,,
ORD001907,BATTERY-AA,2,260.42,,
ORD001908,SENSOR-T1,2,310.66,,
ORD001909,PANEL-40W,4,649.48,,
ORD001910,MODULE-Z,1,135.78,,
ORD001911,CABLE-2M,8,574.4,CHARGE_PAYMENT,CANCEL_ORDER
ORD001912,PANEL-40W,9,1270.89,,
ORD001913,SENSOR-T1,7,1327.48,,
ORD001914,PANEL-40W,5,1798.7,,
ORD001915,SENSOR-T1,4,861.52,,
ORD001916,BATTERY-AA,7,1383.27,,
ORD001917,SENSOR-T1,3,555.96,,
ORD001918,GADGET-X,5,1675.85,,
ORD001919,GADGET-X,5,1845.25,,
ORD001920,GIZMO-PRO,5,1789.0,,
ORD001921,MODULE-Z,2,354.9,,
ORD001922,WIDGET-A,7,2234.89,RESERVE_INVENTORY,
ORD001923,MODULE-Z,9,3119.85,,
ORD001924,WIDGET-A,6,2081.22,,
ORD001925,CABLE-2M,4,1256.12,,
ORD001926,SENSOR-T1,2,547.68,,
ORD001927,ADAPTER-USB-C,9,386.64,CREATE_ORDER,
ORD001928,BATTERY-AA,6,895.26,,
ORD001929,WIDGET-A,2,519.5,,
ORD001930,GADGET-X,3,309.21,,
ORD001931,ADAPTER-USB-C,7,780.78,,
ORD001932,GADGET-X,1,136.97,,
ORD001933,BATTERY-AA,8,1988.24,,
ORD001934,GADGET-X,5,1151.8,,
ORD001935,MODULE-Z,7,2690.17,,
ORD001936,GIZMO-PRO,8,1691.36,,
ORD001937,MODULE-Z,7,1111.67,,
ORD001938,GIZMO-PRO,6,1856.76,,
ORD001939,SENSOR-T1,10,335.0,,
ORD001940,SENSOR-T1,8,1409.36,,
ORD001941,SENSOR-T1,3,752.52,,
ORD001942,GIZMO-PRO,5,737.7,,
ORD001943,MODULE-Z,9,2823.84,,
ORD001944,GADGET-X,1,210.43,,
ORD001945,GIZMO-PRO,10,1135.4,,
ORD001946,GADGET-X,7,2333.87,CREATE_SHIPMENT,
ORD001947,GADGET-X,6,741.06,,
ORD001948,GADGET-X,9,3044.7,,
ORD001949,WIDGET-A,3,109.02,,
ORD001950,BATTERY-AA,3,530.01,,
ORD001951,WIDGET-A,1,305.06,,
ORD001952,WIDGET-A,5,1711.05,,
ORD001953,MODULE-Z,3,79.41,,
ORD001954,GIZMO-PRO,4,281.68,,
ORD001955,WIDGET-B,6,1265.46,,
ORD001956,SENSOR-T1,3,1054.56,,
ORD001957,PANEL-40W,3,917.46,,
ORD001958,SENSOR-T1,5,351.25,,
ORD001959,MODULE-Z,8,2811.68,,
ORD001960,CABLE-2M,7,370.65,,
ORD001961,BATTERY-AA,5,1286.2,,
ORD001962,SENSOR-T1,9,2754.45,,
ORD001963,CABLE-2M,5,1347.15,,
ORD001964,CABLE-2M,10,2355.2,,
ORD001965,MODULE-Z,5,1433.55,,
ORD001966,GADGET-X,6,598.74,,
ORD001967,GIZMO-PRO,8,3099.28,,
ORD001968,MODULE-Z,6,446.46,,
ORD001969,GADGET-X,4,867.84,,
ORD001970,GIZMO-PRO,8,742.96,,
ORD001971,PANEL-40W,2,586.46,,
ORD001972,WIDGET-A,6,817.74,,
ORD001973,MODULE-Z,5,398.15,,
ORD001974,ADAPTER-USB-C,5,412.7,,
ORD001975,MODULE-Z,3,480.96,,
ORD001976,PANEL-40W,3,473.22,,
ORD001977,SENSOR-T1,6,336.78,,
ORD001978,BATTERY-AA,6,298.38,CHARGE_PAYMENT,
ORD001979,BATTERY-AA,5,1778.35,,
ORD001980,SENSOR-T1,9,2982.69,,
ORD001981,WIDGET-A,8,1586.4,,
ORD001982,ADAPTER-USB-C,5,1317.25,,
ORD001983,WIDGET-B,6,341.46,,
ORD001984,WIDGET-B,1,121.28,,
ORD001985,PANEL-40W,6,1775.94,,
ORD001986,BATTERY-AA,3,939.66,,
ORD001987,WIDGET-A,2,168.86,,
ORD001988,SENSOR-T1,6,2233.44,,
ORD001989,BATTERY-AA,6,2351.7,,
ORD001990,CABLE-2M,8,1636.64,,
ORD001991,MODULE-Z,10,3086.8,,
ORD001992,GADGET-X,4,350.76,,
ORD001993,WIDGET-A,7,1864.24,,
ORD001994,PANEL-40W,6,1411.44,,
ORD001995,BATTERY-AA,3,1179.69,,
ORD001996,BATTERY-AA,7,1511.58,,
ORD001997,WIDGET-A,9,3220.74,,
ORD001998,ADAPTER-USB-C,4,1198.52,,
ORD001999,MODULE-Z,10,3205.0,,
ORD002000,WIDGET-A,8,2282.0,,
ORD002001,MODULE-Z,6,584.76,,
ORD002002,ADAPTER-USB-C,3,760.08,,
ORD002003,GIZMO-PRO,4,1395.48,,
ORD002004,GADGET-X,6,910.74,,
ORD002005,WIDGET-A,7,681.59,,
ORD002006,WIDGET-A,7,2105.88,,
ORD002007,ADAPTER-USB-C,3,215.52,,
ORD002008,BATTERY-AA,8,420.24,,
ORD002009,GADGET-X,1,356.34,,
ORD002010,GIZMO-PRO,7,2587.13,,
ORD002011,ADAPTER-USB-C,8,3021.92,,
ORD002012,SENSOR-T1,7,2367.33,,
ORD002013,CABLE-2M,1,150.36,,
ORD002014,BATTERY-AA,10,3564.5,,
ORD002015,GADGET-X,5,1380.1,,
ORD002016,GIZMO-PRO,1,377.34,,
ORD002017,CABLE-2M,10,2444.7,,
ORD002018,CABLE-2M,9,962.19,,
ORD002019,ADAPTER-USB-C,10,888.6,,
ORD002020,WIDGET-A,10,811.4,,
ORD002021,GADGET-X,9,2763.45,,
ORD002022,MODULE-Z,2,371.52,CREATE_SHIPMENT,
ORD002023,MODULE-Z,4,1136.88,,
ORD002024,GIZMO-PRO,8,1172.64,,
ORD002025,BATTERY-AA,10,556.2,,
ORD002026,GADGET-X,10,3684.1,CHARGE_PAYMENT,
ORD002027,ADAPTER-USB-C,4,169.88,,
ORD002028,GIZMO-PRO,9,2030.49,,
ORD002029,PANEL-40W,2,146.64,RESERVE_INVENTORY,
ORD002030,WIDGET-A,5,1527.4,,
ORD002031,ADAPTER-USB-C,3,212.82,,
ORD002032,WIDGET-A,10,2408.3,,
ORD002033,SENSOR-T1,4,489.0,,
ORD002034,ADAPTER-USB-C,9,3581.37,,
ORD002035,WIDGET-A,5,1901.55,,
ORD002036,CABLE-2M,8,2668.4,,
ORD002037,MODULE-Z,5,997.0,,
ORD002038,WIDGET-B,1,167.45,,
ORD002039,MODULE-Z,3,261.15,,
ORD002040,MODULE-Z,10,690.1,,
ORD002041,PANEL-40W,10,2284.9,,
ORD002042,BATTERY-AA,10,3632.9,,
ORD002043,BATTERY-AA,6,590.1,,
ORD002044,MODULE-Z,5,1224.8,,
ORD002045,WIDGET-B,9,1345.14,,
ORD002046,SENSOR-T1,10,3731.7,,
ORD002047,WIDGET-B,10,3719.3,,
ORD002048,GADGET-X,1,81.6,,
ORD002049,SENSOR-T1,3,222.75,CREATE_ORDER,
ORD002050,WIDGET-B,6,440.76,,
ORD002051,PANEL-40W,7,1672.37,,
ORD002052,WIDGET-B,7,1257.34,,
ORD002053,CABLE-2M,5,516.25,,
ORD002054,BATTERY-AA,7,2520.0,,
ORD002055,PANEL-40W,9,1490.31,,
ORD002056,PANEL-40W,8,241.76,,
ORD002057,SENSOR-T1,1,48.39,,
ORD002058,MODULE-Z,10,2844.4,,
ORD002059,GADGET-X,6,361.14,,
ORD002060,PANEL-40W,8,3048.4,,
ORD002061,SENSOR-T1,10,3715.8,CREATE_ORDER,
ORD002062,WIDGET-A,3,787.26,,
ORD002063,ADAPTER-USB-C,4,370.12,,
ORD002064,GADGET-X,3,1004.16,,
ORD002065,BATTERY-AA,9,461.79,,
ORD002066,PANEL-40W,3,1164.69,,
ORD002067,ADAPTER-USB-C,9,1375.92,,
ORD002068,PANEL-40W,1,33.32,,
ORD002069,WIDGET-B,5,1295.05,,
ORD002070,SENSOR-T1,4,1230.56,,
ORD002071,SENSOR-T1,7,2110.99,,
ORD002072,SENSOR-T1,2,53.5,,
ORD002073,MODULE-Z,5,1342.65,,
ORD002074,SENSOR-T1,10,3436.5,CHARGE_PAYMENT,
ORD002075,ADAPTER-USB-C,9,1732.95,,
ORD002076,WIDGET-B,8,1643.76,,
ORD002077,ADAPTER-USB-C,1,180.91,,
ORD002078,ADAPTER-USB-C,5,559.15,,
ORD002079,PANEL-40W,6,1875.06,,
ORD002080,ADAPTER-USB-C,3,192.69,,
ORD002081,MODULE-Z,5,686.9,,
ORD002082,ADAPTER-USB-C,9,951.3,,
ORD002083,WIDGET-B,8,2763.6,,
ORD002084,MODULE-Z,7,401.03,,
ORD002085,WIDGET-B,1,273.87,,
ORD002086,SENSOR-T1,1,266.89,,
ORD002087,WIDGET-B,3,1057.98,,
ORD002088,MODULE-Z,8,552.0,,
ORD002089,MODULE-Z,5,307.35,,
ORD002090,ADAPTER-USB-C,8,483.28,,
ORD002091,MODULE-Z,7,982.38,,
ORD002092,BATTERY-AA,1,342.01,,
ORD002093,GIZMO-PRO,3,728.7,,
ORD002094,SENSOR-T1,1,92.09,,
ORD002095,GADGET-X,7,2272.62,,
ORD002096,CABLE-2M,10,2559.0,,
ORD002097,CABLE-2M,9,590.31,,
ORD002098,ADAPTER-USB-C,3,338.64,,
ORD002099,WIDGET-B,8,1992.96,,
ORD002100,GADGET-X,7,1323.42,,
ORD002101,ADAPTER-USB-C,8,1681.36,RESERVE_INVENTORY,
ORD002102,CABLE-2M,3,977.88,,
ORD002103,MODULE-Z,8,375.12,,
ORD002104,WIDGET-B,6,614.46,,
ORD002105,WIDGET-A,2,641.28,,
ORD002106,CABLE-2M,5,530.75,,
ORD002107,WIDGET-A,8,1476.08,,
ORD002108,WIDGET-A,7,2710.47,,
ORD002109,MODULE-Z,10,3001.6,,
ORD002110,CABLE-2M,5,1754.3,,
ORD002111,WIDGET-B,3,800.04,,
ORD002112,GIZMO-PRO,3,907.77,,
ORD002113,CABLE-2M,9,1416.06,,
ORD002114,CABLE-2M,9,494.37,,
ORD002115,WIDGET-B,8,2290.16,CREATE_SHIPMENT,
ORD002116,MODULE-Z,2,386.36,,
ORD002117,WIDGET-B,2,310.06,,
ORD002118,GADGET-X,2,388.18,,
ORD002119,GADGET-X,10,1687.7,,
ORD002120,BATTERY-AA,5,529.0,,
ORD002121,MODULE-Z,10,828.2,,
ORD002122,CABLE-2M,6,1509.96,,
ORD002123,MODULE-Z,6,1833.84,,
ORD002124,ADAPTER-USB-C,4,210.96,,
ORD002125,SENSOR-T1,10,2595.9,,
ORD002126,CABLE-2M,10,1554.3,CHARGE_PAYMENT,
ORD002127,ADAPTER-USB-C,9,3266.82,,
ORD002128,SENSOR-T1,3,118.47,,
ORD002129,PANEL-40W,2,591.42,,
ORD002130,GIZMO-PRO,7,964.6,,
ORD002131,MODULE-Z,6,1531.68,,
ORD002132,PANEL-40W,10,3114.1,,
ORD002133,GIZMO-PRO,2,471.0,,
ORD002134,SENSOR-T1,4,781.68,,
ORD002135,PANEL-40W,4,263.6,,
ORD002136,WIDGET-B,3,784.89,CREATE_SHIPMENT,
ORD002137,SENSOR-T1,3,918.03,,
ORD002138,ADAPTER-USB-C,1,149.23,,
ORD002139,CABLE-2M,4,1285.24,,
ORD002140,BATTERY-AA,8,2074.0,,
ORD002141,GIZMO-PRO,3,630.09,,
ORD002142,GIZMO-PRO,8,2534.88,,
ORD002143,GIZMO-PRO,2,463.86,,
ORD002144,SENSOR-T1,7,2792.72,,
ORD002145,WIDGET-B,6,1981.56,,
ORD002146,GIZMO-PRO,10,2143.0,,
ORD002147,ADAPTER-USB-C,1,337.48,,
ORD002148,PANEL-40W,9,3533.31,,
ORD002149,WIDGET-A,6,1373.4,,
ORD002150,WIDGET-B,9,570.24,,
ORD002151,WIDGET-B,9,2585.25,,
ORD002152,GIZMO-PRO,4,1517.72,,
ORD002153,GIZMO-PRO,9,632.16,,
ORD002154,WIDGET-B,8,3035.28,,
ORD002155,MODULE-Z,4,164.04,,
ORD002156,BATTERY-AA,3,204.66,,
ORD002157,BATTERY-AA,1,331.9,,
ORD002158,PANEL-40W,8,872.24,,
ORD002159,ADAPTER-USB-C,7,409.78,,
ORD002160,WIDGET-B,3,1069.2,,
ORD002161,SENSOR-T1,10,1212.2,,
ORD002162,WIDGET-B,4,239.44,,
ORD002163,MODULE-Z,2,320.0,,
ORD002164,CABLE-2M,4,660.64,,
ORD002165,WIDGET-B,7,937.02,,
ORD002166,GIZMO-PRO,4,1472.76,,
ORD002167,BATTERY-AA,3,1054.05,,
ORD002168,BATTERY-AA,2,590.24,,
ORD002169,MODULE-Z,9,1749.6,,
ORD002170,GIZMO-PRO,4,411.0,,
ORD002171,SENSOR-T1,6,2121.84,,
ORD002172,GIZMO-PRO,6,1017.48,,
ORD002173,CABLE-2M,9,3384.72,,
ORD002174,GIZMO-PRO,3,688.17,,
ORD002175,GIZMO-PRO,7,2448.67,,
ORD002176,PANEL-40W,7,2695.35,,
ORD002177,CABLE-2M,1,217.26,,
ORD002178,SENSOR-T1,4,1472.08,,
ORD002179,BATTERY-AA,8,844.0,,
ORD002180,BATTERY-AA,3,105.48,CREATE_ORDER,
ORD002181,SENSOR-T1,7,1540.42,,
ORD002182,SENSOR-T1,9,1478.88,,
ORD002183,GADGET-X,2,227.82,,
ORD002184,GADGET-X,6,1039.68,,
ORD002185,WIDGET-A,5,1632.05,,
ORD002186,GIZMO-PRO,6,762.6,,
ORD002187,WIDGET-B,9,2810.52,,
ORD002188,WIDGET-B,5,565.1,CREATE_ORDER,
ORD002189,ADAPTER-USB-C,1,329.44,,
ORD002190,WIDGET-B,10,1905.9,,
ORD002191,ADAPTER-USB-C,2,95.62,,
ORD002192,WIDGET-B,7,2110.22,,
ORD002193,WIDGET-B,4,1290.36,,
ORD002194,WIDGET-B,1,58.92,,
ORD002195,CABLE-2M,4,1462.96,,
ORD002196,BATTERY-AA,4,1281.96,,
ORD002197,PANEL-40W,5,1727.4,,
ORD002198,BATTERY-AA,6,2355.96,,
ORD002199,PANEL-40W,8,681.68,,
ORD002200,CABLE-2M,8,3091.92,,
ORD002201,GIZMO-PRO,5,1522.55,,
ORD002202,WIDGET-B,4,948.56,,
ORD002203,GADGET-X,2,686.56,,
ORD002204,GADGET-X,8,1748.88,,
ORD002205,GIZMO-PRO,4,1483.36,,
ORD002206,CABLE-2M,7,1460.55,,
ORD002207,WIDGET-B,1,288.27,CHARGE_PAYMENT,
ORD002208,PANEL-40W,10,3567.1,,
ORD002209,GIZMO-PRO,3,353.25,,
ORD002210,WIDGET-B,7,1517.95,,
ORD002211,GIZMO-PRO,1,130.23,,
ORD002212,BATTERY-AA,2,497.8,,
ORD002213,SENSOR-T1,1,122.23,,
ORD002214,BATTERY-AA,6,2372.52,,
ORD002215,PANEL-40W,4,279.32,,
ORD002216,CABLE-2M,7,1808.24,,
ORD002217,WIDGET-B,10,943.3,,
ORD002218,ADAPTER-USB-C,10,3371.0,,
ORD002219,CABLE-2M,6,1433.88,,
ORD002220,PANEL-40W,3,96.18,,
ORD002221,MODULE-Z,4,1396.52,,
ORD002222,SENSOR-T1,10,2353.1,,
ORD002223,MODULE-Z,7,1326.36,,
ORD002224,GIZMO-PRO,3,1091.22,,
ORD002225,CABLE-2M,7,1662.01,,
ORD002226,WIDGET-A,7,883.26,,
ORD002227,WIDGET-B,5,1112.0,CREATE_SHIPMENT,
ORD002228,GIZMO-PRO,9,3554.64,,
ORD002229,PANEL-40W,3,1063.08,CREATE_ORDER,
ORD002230,GADGET-X,4,127.2,,
ORD002231,ADAPTER-USB-C,9,1338.3,,
ORD002232,MODULE-Z,8,2311.84,,
ORD002233,GADGET-X,1,186.18,,
ORD002234,MODULE-Z,1,173.88,,
ORD002235,BATTERY-AA,10,1016.2,CHARGE_PAYMENT,
ORD002236,SENSOR-T1,1,40.8,,
ORD002237,GADGET-X,3,66.72,,
ORD002238,GIZMO-PRO,5,1776.2,,
ORD002239,CABLE-2M,2,198.8,,
ORD002240,WIDGET-B,7,1378.65,,
ORD002241,MODULE-Z,4,1149.24,,
ORD002242,MODULE-Z,4,1436.56,,
ORD002243,WIDGET-A,10,3426.6,,
ORD002244,PANEL-40W,9,624.6,,
ORD002245,BATTERY-AA,10,3543.6,,
ORD002246,WIDGET-B,3,1097.64,,
ORD002247,SENSOR-T1,9,2158.56,,
ORD002248,CABLE-2M,7,2759.82,,
ORD002249,MODULE-Z,10,882.0,,
ORD002250,PANEL-40W,7,2081.03,CREATE_ORDER,REFUND_PAYMENT
ORD002251,PANEL-40W,4,1292.8,,
ORD002252,CABLE-2M,2,670.96,,
ORD002253,GIZMO-PRO,1,228.32,,
ORD002254,CABLE-2M,4,1538.36,,
ORD002255,GADGET-X,5,418.95,,
ORD002256,PANEL-40W,1,23.37,,
ORD002257,GADGET-X,5,262.1,,
ORD002258,WIDGET-A,2,408.94,,
ORD002259,MODULE-Z,3,1016.67,,
ORD002260,CABLE-2M,8,2319.6,,
ORD002261,MODULE-Z,10,1619.9,,
ORD002262,GADGET-X,4,1457.96,,
ORD002263,GADGET-X,6,541.2,,
ORD002264,ADAPTER-USB-C,5,877.25,,
ORD002265,ADAPTER-USB-C,7,1514.8,,
ORD002266,BATTERY-AA,5,360.55,CHARGE_PAYMENT,
ORD002267,CABLE-2M,6,1746.9,,
ORD002268,MODULE-Z,10,1078.3,RESERVE_INVENTORY,
ORD002269,MODULE-Z,7,2746.03,,
ORD002270,SENSOR-T1,4,1037.24,,
ORD002271,MODULE-Z,6,1667.1,,
ORD002272,ADAPTER-USB-C,8,1179.6,,
ORD002273,WIDGET-B,9,3559.95,,
ORD002274,WIDGET-A,5,421.95,,
ORD002275,WIDGET-B,2,605.54,,
ORD002276,GIZMO-PRO,1,353.6,,
ORD002277,WIDGET-B,2,227.3,,
ORD002278,GIZMO-PRO,7,2337.65,,
ORD002279,GADGET-X,9,816.12,,
ORD002280,MODULE-Z,3,157.47,,
ORD002281,SENSOR-T1,10,769.3,,
ORD002282,GADGET-X,8,381.52,,
ORD002283,CABLE-2M,6,215.64,,
ORD002284,MODULE-Z,4,302.36,,
ORD002285,GIZMO-PRO,1,106.8,,
ORD002286,CABLE-2M,4,482.72,,
ORD002287,WIDGET-A,10,1316.0,,
ORD002288,GIZMO-PRO,7,2710.61,,
ORD002289,ADAPTER-USB-C,3,652.53,,
ORD002290,ADAPTER-USB-C,5,690.35,CHARGE_PAYMENT,
ORD002291,CABLE-2M,7,2170.7,,
ORD002292,SENSOR-T1,1,275.43,,
ORD002293,PANEL-40W,2,206.08,,
ORD002294,ADAPTER-USB-C,1,59.47,,
ORD002295,WIDGET-B,4,844.72,,
ORD002296,BATTERY-AA,8,3136.88,,
ORD002297,MODULE-Z,10,626.8,,
ORD002298,WIDGET-A,1,310.83,,
ORD002299,PANEL-40W,5,1579.8,,
ORD002300,WIDGET-A,2,689.94,,
ORD002301,ADAPTER-USB-C,7,890.96,,
ORD002302,CABLE-2M,9,371.7,,
ORD002303,CABLE-2M,8,2365.68,,
ORD002304,WIDGET-A,7,2434.18,,
ORD002305,WIDGET-A,2,510.74,,
ORD002306,BATTERY-AA,1,198.08,,
ORD002307,BATTERY-AA,1,140.81,,
ORD002308,GIZMO-PRO,10,1618.6,,
ORD002309,SENSOR-T1,10,3468.8,,
ORD002310,PANEL-40W,1,353.63,CREATE_SHIPMENT,
ORD002311,MODULE-Z,7,2170.98,,
ORD002312,WIDGET-A,8,1106.0,CREATE_ORDER,
ORD002313,CABLE-2M,1,76.71,,
ORD002314,SENSOR-T1,1,324.7,,
ORD002315,PANEL-40W,2,249.54,,
ORD002316,WIDGET-A,10,2972.4,,
ORD002317,ADAPTER-USB-C,7,1355.76,,
ORD002318,ADAPTER-USB-C,10,2319.9,,
ORD002319,WIDGET-B,7,1386.77,CREATE_ORDER,
ORD002320,GADGET-X,7,1355.55,,
ORD002321,WIDGET-A,2,350.5,,
ORD002322,PANEL-40W,7,2515.24,CREATE_SHIPMENT,
ORD002323,GIZMO-PRO,2,383.06,,
ORD002324,SENSOR-T1,5,1757.0,,
ORD002325,GIZMO-PRO,4,308.28,,
ORD002326,WIDGET-A,9,1471.68,,
ORD002327,MODULE-Z,9,1445.58,,
ORD002328,WIDGET-A,7,2203.04,,
ORD002329,SENSOR-T1,9,1155.24,,
ORD002330,WIDGET-B,6,1069.98,,
ORD002331,BATTERY-AA,2,45.58,,
ORD002332,MODULE-Z,3,784.53,,
ORD002333,GADGET-X,9,2509.83,,
ORD002334,GIZMO-PRO,1,246.55,,
ORD002335,PANEL-40W,8,1174.08,,
ORD002336,GIZMO-PRO,7,756.35,,
ORD002337,SENSOR-T1,9,3329.91,,
ORD002338,GADGET-X,2,56.94,,
ORD002339,BATTERY-AA,5,1169.5,,
ORD002340,WIDGET-B,6,1286.82,,
ORD002341,GIZMO-PRO,9,2287.8,,
ORD002342,SENSOR-T1,3,432.18,,
ORD002343,ADAPTER-USB-C,9,1719.18,,
ORD002344,WIDGET-A,4,198.64,,
ORD002345,SENSOR-T1,2,200.74,RESERVE_INVENTORY,
ORD002346,BATTERY-AA,7,476.77,,
ORD002347,WIDGET-A,5,1033.4,,
ORD002348,CABLE-2M,5,1516.45,,
ORD002349,WIDGET-B,4,1351.96,,
ORD002350,WIDGET-B,10,855.5,,
ORD002351,SENSOR-T1,10,2441.1,,
ORD002352,PANEL-40W,3,1179.78,,
ORD002353,WIDGET-B,2,69.26,,
ORD002354,CABLE-2M,4,1136.68,,
ORD002355,CABLE-2M,9,907.65,,
ORD002356,ADAPTER-USB-C,1,123.15,,
ORD002357,PANEL-40W,2,639.96,,
ORD002358,MODULE-Z,8,2886.96,CHARGE_PAYMENT,
ORD002359,ADAPTER-USB-C,8,1991.52,CREATE_ORDER,
ORD002360,ADAPTER-USB-C,4,1478.36,,
ORD002361,PANEL-40W,7,484.96,,
ORD002362,GIZMO-PRO,8,2429.12,,
ORD002363,CABLE-2M,4,230.52,,
ORD002364,BATTERY-AA,8,181.28,,
ORD002365,MODULE-Z,9,817.56,,
ORD002366,MODULE-Z,2,527.46,CREATE_ORDER,
ORD002367,WIDGET-A,10,1926.2,,
ORD002368,WIDGET-A,10,3879.7,CHARGE_PAYMENT,
ORD002369,WIDGET-A,5,230.7,,
ORD002370,MODULE-Z,1,128.11,,
ORD002371,WIDGET-B,5,250.15,,
ORD002372,WIDGET-A,10,2353.0,,
ORD002373,GIZMO-PRO,6,1713.18,,
ORD002374,PANEL-40W,7,1400.91,,
ORD002375,MODULE-Z,8,607.76,,
ORD002376,BATTERY-AA,8,2887.28,,
ORD002377,CABLE-2M,2,567.88,,
ORD002378,ADAPTER-USB-C,9,2237.4,,
ORD002379,WIDGET-B,7,1941.45,,
ORD002380,GADGET-X,7,664.09,,
ORD002381,WIDGET-A,9,896.22,,
ORD002382,MODULE-Z,9,356.4,,
ORD002383,BATTERY-AA,2,747.94,,
ORD002384,WIDGET-A,10,1688.9,,
ORD002385,GIZMO-PRO,4,773.64,,
ORD002386,CABLE-2M,2,195.36,,
ORD002387,ADAPTER-USB-C,2,65.32,,
ORD002388,CABLE-2M,6,1413.42,,
ORD002389,ADAPTER-USB-C,9,2382.57,,
ORD002390,GADGET-X,7,1090.6,,
ORD002391,GADGET-X,2,443.0,,
ORD002392,ADAPTER-USB-C,6,1513.14,,
ORD002393,WIDGET-A,10,3525.6,,
ORD002394,WIDGET-B,10,1596.9,,
ORD002395,GADGET-X,10,2802.2,,
ORD002396,WIDGET-B,7,481.46,,
ORD002397,CABLE-2M,7,1575.98,,
ORD002398,GIZMO-PRO,8,750.0,,
ORD002399,GIZMO-PRO,9,197.64,,
ORD002400,CABLE-2M,3,802.62,,
ORD002401,WIDGET-B,7,1310.96,,
ORD002402,WIDGET-B,2,692.46,,
ORD002403,WIDGET-A,10,3650.7,,
ORD002404,GIZMO-PRO,6,1816.86,,
ORD002405,SENSOR-T1,8,1257.36,,
ORD002406,GIZMO-PRO,8,3076.72,,
ORD002407,GIZMO-PRO,3,316.98,,
ORD002408,SENSOR-T1,4,491.2,,
ORD002409,GIZMO-PRO,2,388.52,,
ORD002410,PANEL-40W,3,896.67,,
ORD002411,WIDGET-B,5,713.75,,
ORD002412,WIDGET-B,1,176.03,,
ORD002413,BATTERY-AA,3,636.0,,
ORD002414,GIZMO-PRO,9,2960.1,,
ORD002415,PANEL-40W,4,987.8,,
ORD002416,GIZMO-PRO,8,1202.48,,
ORD002417,SENSOR-T1,8,1120.24,,
ORD002418,BATTERY-AA,5,1457.6,,
ORD002419,BATTERY-AA,1,129.45,,
ORD002420,WIDGET-B,3,1109.01,,
ORD002421,WIDGET-A,6,621.6,,
ORD002422,WIDGET-A,10,1089.7,,
ORD002423,MODULE-Z,1,36.98,,
ORD002424,WIDGET-A,3,73.32,,
ORD002425,WIDGET-B,1,193.67,,
ORD002426,WIDGET-B,5,1975.45,,
ORD002427,GADGET-X,7,291.48,,
ORD002428,SENSOR-T1,2,195.24,,
ORD002429,GIZMO-PRO,1,110.8,,
ORD002430,CABLE-2M,7,2160.69,,
ORD002431,GIZMO-PRO,3,354.6,,
ORD002432,GADGET-X,8,1520.72,,
ORD002433,BATTERY-AA,1,362.73,,
ORD002434,BATTERY-AA,4,1139.4,,
ORD002435,BATTERY-AA,1,24.33,,
ORD002436,ADAPTER-USB-C,5,1767.55,CREATE_SHIPMENT,
ORD002437,MODULE-Z,6,713.04,,
ORD002438,ADAPTER-USB-C,10,2905.4,,
ORD002439,GIZMO-PRO,2,737.28,,
ORD002440,WIDGET-A,3,413.82,,
ORD002441,SENSOR-T1,9,2999.97,,
ORD002442,GADGET-X,5,455.25,,
ORD002443,GADGET-X,1,197.05,,
ORD002444,WIDGET-A,5,504.75,,
ORD002445,WIDGET-A,10,541.9,,
ORD002446,ADAPTER-USB-C,3,637.05,,
ORD002447,BATTERY-AA,6,631.32,,
ORD002448,GIZMO-PRO,5,1687.55,,
ORD002449,ADAPTER-USB-C,10,3595.2,,
ORD002450,ADAPTER-USB-C,2,274.72,,
ORD002451,WIDGET-A,2,76.58,,
ORD002452,PANEL-40W,2,381.52,,
ORD002453,WIDGET-A,7,1533.14,CHARGE_PAYMENT,
ORD002454,GADGET-X,6,1168.2,,
ORD002455,SENSOR-T1,6,2306.52,,
ORD002456,PANEL-40W,9,1894.86,,
ORD002457,MODULE-Z,5,730.65,,
ORD002458,MODULE-Z,1,377.3,,
ORD002459,WIDGET-B,5,255.8,,
ORD002460,GIZMO-PRO,6,409.62,,
ORD002461,SENSOR-T1,5,1764.05,,
ORD002462,WIDGET-B,4,1451.44,,
ORD002463,WIDGET-B,3,994.71,,
ORD002464,ADAPTER-USB-C,5,1168.45,,
ORD002465,CABLE-2M,10,1487.4,,
ORD002466,CABLE-2M,2,759.16,,
ORD002467,WIDGET-B,3,1100.82,,
ORD002468,BATTERY-AA,10,1434.2,,
ORD002469,CABLE-2M,6,1030.8,,
ORD002470,PANEL-40W,2,61.8,,
ORD002471,PANEL-40W,7,1950.27,,
ORD002472,ADAPTER-USB-C,10,2675.7,,
ORD002473,CABLE-2M,4,104.76,,
ORD002474,ADAPTER-USB-C,3,466.11,,
ORD002475,WIDGET-B,4,410.76,,
ORD002476,SENSOR-T1,2,120.92,,
ORD002477,PANEL-40W,7,1840.44,,
ORD002478,BATTERY-AA,3,380.67,,
ORD002479,SENSOR-T1,2,101.48,,
ORD002480,CABLE-2M,1,272.3,,
ORD002481,PANEL-40W,2,754.24,,
ORD002482,ADAPTER-USB-C,6,2225.82,,
ORD002483,CABLE-2M,8,2895.6,,
ORD002484,CABLE-2M,6,1193.76,,
ORD002485,ADAPTER-USB-C,2,113.86,,
ORD002486,WIDGET-B,9,3240.72,,
ORD002487,WIDGET-A,6,936.72,CREATE_ORDER,
ORD002488,BATTERY-AA,9,1189.26,,
ORD002489,MODULE-Z,10,281.7,,
ORD002490,ADAPTER-USB-C,9,2805.39,,
ORD002491,WIDGET-B,4,1427.96,CREATE_SHIPMENT,
ORD002492,SENSOR-T1,6,286.56,,
ORD002493,ADAPTER-USB-C,9,924.21,CHARGE_PAYMENT,
ORD002494,WIDGET-A,2,285.18,,
ORD002495,GADGET-X,4,613.76,,
ORD002496,GIZMO-PRO,8,541.36,,
ORD002497,BATTERY-AA,4,214.96,,
ORD002498,GIZMO-PRO,4,873.48,,
ORD002499,SENSOR-T1,9,3476.34,RESERVE_INVENTORY,
ORD002500,GIZMO-PRO,9,1095.48,,
